city,province,country,latitude,longitude,postal_prefix,search_key,region_code,is_capital,is_major_market,population_hint,timezone
100 Mile House,British Columbia,CA,,,,100milehouse,BC,false,false,,America/Vancouver
108 Mile House,British Columbia,CA,,,,108milehouse,BC,false,false,,America/Vancouver
108 Mile Ranch,British Columbia,CA,,,,108mileranch,BC,false,false,,America/Vancouver
150 Mile House,British Columbia,CA,,,,150milehouse,BC,false,false,,America/Vancouver
Abbey,Saskatchewan,CA,,,,abbey,SK,false,false,,America/Regina
Abbotsford,British Columbia,CA,,,,abbotsford,BC,false,true,,America/Vancouver
Aberarder,Ontario,CA,,,,aberarder,ON,false,false,,America/Toronto
Abercorn,Quebec,CA,,,,abercorn,QC,false,false,,America/Montreal
Aberdeen,Saskatchewan,CA,,,,aberdeen,SK,false,false,,America/Regina
Abernethy,Saskatchewan,CA,,,,abernethy,SK,false,false,,America/Regina
Abitibi Canyon,Ontario,CA,,,,abitibicanyon,ON,false,false,,America/Toronto
Acadia Valley,Alberta,CA,,,,acadiavalley,AB,false,false,,America/Edmonton
Acme,Alberta,CA,,,,acme,AB,false,false,,America/Edmonton
Acton,Ontario,CA,,,,acton,ON,false,false,,America/Toronto
Acton Vale,Quebec,CA,,,,actonvale,QC,false,false,,America/Montreal
Adamsville,Quebec,CA,,,,adamsville,QC,false,false,,America/Montreal
Adolphustown,Ontario,CA,,,,adolphustown,ON,false,false,,America/Toronto
Advocate Harbour,Nova Scotia,CA,,,,advocateharbour,NS,false,false,,America/Halifax
Agassiz,British Columbia,CA,,,,agassiz,BC,false,false,,America/Vancouver
Agassiz Provincial Forest,Manitoba,CA,,,,agassizprovincialforest,MB,false,false,,America/Winnipeg
Aguanish,Quebec,CA,,,,aguanish,QC,false,false,,America/Montreal
Ahousat,British Columbia,CA,,,,ahousat,BC,false,false,,America/Vancouver
Ailsa Craig,Ontario,CA,,,,ailsacraig,ON,false,false,,America/Toronto
Airdrie,Alberta,CA,,,,airdrie,AB,false,false,,America/Edmonton
Ajax,Ontario,CA,,,,ajax,ON,false,false,,America/Toronto
Aklavik,Northwest Territories,CA,,,,aklavik,NT,false,false,,America/Yellowknife
Alameda,Saskatchewan,CA,,,,alameda,SK,false,false,,America/Regina
Alban,Ontario,CA,,,,alban,ON,false,false,,America/Toronto
Albanel,Quebec,CA,,,,albanel,QC,false,false,,America/Montreal
Albert,New Brunswick,CA,,,,albert,NB,false,false,,America/Moncton
Albert Mines,New Brunswick,CA,,,,albertmines,NB,false,false,,America/Moncton
Alberta Beach,Alberta,CA,,,,albertabeach,AB,false,false,,America/Edmonton
Alberton,Prince Edward Island,CA,,,,alberton,PE,false,false,,America/Halifax
Alder Flats,Alberta,CA,,,,alderflats,AB,false,false,,America/Edmonton
Aldergrove,British Columbia,CA,,,,aldergrove,BC,false,false,,America/Vancouver
Alderville First Nation,Ontario,CA,,,,aldervillefirstnation,ON,false,false,,America/Toronto
Alert Bay,British Columbia,CA,,,,alertbay,BC,false,false,,America/Vancouver
Alexander,Manitoba,CA,,,,alexander,MB,false,false,,America/Winnipeg
Alexandria,Ontario,CA,,,,alexandria,ON,false,false,,America/Toronto
Alexis Creek,British Columbia,CA,,,,alexiscreek,BC,false,false,,America/Vancouver
Alfred,Ontario,CA,,,,alfred,ON,false,false,,America/Toronto
Algoma Mills,Ontario,CA,,,,algomamills,ON,false,false,,America/Toronto
Alida,Saskatchewan,CA,,,,alida,SK,false,false,,America/Regina
Alix,Alberta,CA,,,,alix,AB,false,false,,America/Edmonton
Alkali Lake,British Columbia,CA,,,,alkalilake,BC,false,false,,America/Vancouver
Allan,Saskatchewan,CA,,,,allan,SK,false,false,,America/Regina
Allardville,New Brunswick,CA,,,,allardville,NB,false,false,,America/Moncton
Alliance,Alberta,CA,,,,alliance,AB,false,false,,America/Edmonton
Alliston,Ontario,CA,,,,alliston,ON,false,false,,America/Toronto
Alma,New Brunswick,CA,,,,alma,NB,false,false,,America/Moncton
Alma,Quebec,CA,,,,alma,QC,false,false,,America/Montreal
Almonte,Ontario,CA,,,,almonte,ON,false,false,,America/Toronto
Alonsa,Manitoba,CA,,,,alonsa,MB,false,false,,America/Winnipeg
Alouette,Quebec,CA,,,,alouette,QC,false,false,,America/Montreal
Alsask,Saskatchewan,CA,,,,alsask,SK,false,false,,America/Regina
Altario,Alberta,CA,,,,altario,AB,false,false,,America/Edmonton
Altona,Manitoba,CA,,,,altona,MB,false,false,,America/Winnipeg
Alvena,Saskatchewan,CA,,,,alvena,SK,false,false,,America/Regina
Alvinston,Ontario,CA,,,,alvinston,ON,false,false,,America/Toronto
Amherst,Nova Scotia,CA,,,,amherst,NS,false,false,,America/Halifax
Amherstburg,Ontario,CA,,,,amherstburg,ON,false,false,,America/Toronto
Amos,Quebec,CA,,,,amos,QC,false,false,,America/Montreal
Amqui,Quebec,CA,,,,amqui,QC,false,false,,America/Montreal
Ancaster,Ontario,CA,,,,ancaster,ON,false,false,,America/Toronto
Andrew,Alberta,CA,,,,andrew,AB,false,false,,America/Edmonton
Aneroid,Saskatchewan,CA,,,,aneroid,SK,false,false,,America/Regina
Angliers,Quebec,CA,,,,angliers,QC,false,false,,America/Montreal
Angus,Ontario,CA,,,,angus,ON,false,false,,America/Toronto
Anjou,Quebec,CA,,,,anjou,QC,false,false,,America/Montreal
Annapolis Royal,Nova Scotia,CA,,,,annapolisroyal,NS,false,false,,America/Halifax
Anse-Saint-Jean,Quebec,CA,,,,ansesaintjean,QC,false,false,,America/Montreal
Antigonish,Nova Scotia,CA,,,,antigonish,NS,false,false,,America/Halifax
Anzac,Alberta,CA,,,,anzac,AB,false,false,,America/Edmonton
Appleton,Newfoundland,CA,,,,appleton,NL,false,false,,America/St_Johns
Apsley,Ontario,CA,,,,apsley,ON,false,false,,America/Toronto
Arborfield,Saskatchewan,CA,,,,arborfield,SK,false,false,,America/Regina
Arborg,Manitoba,CA,,,,arborg,MB,false,false,,America/Winnipeg
Archerwill,Saskatchewan,CA,,,,archerwill,SK,false,false,,America/Regina
Arcola,Saskatchewan,CA,,,,arcola,SK,false,false,,America/Regina
Arden,Ontario,CA,,,,arden,ON,false,false,,America/Toronto
Ardrossan,Alberta,CA,,,,ardrossan,AB,false,false,,America/Edmonton
Argentia,Newfoundland,CA,,,,argentia,NL,false,false,,America/St_Johns
Argyle,Nova Scotia,CA,,,,argyle,NS,false,false,,America/Halifax
Arichat,Nova Scotia,CA,,,,arichat,NS,false,false,,America/Halifax
Arkell,Ontario,CA,,,,arkell,ON,false,false,,America/Toronto
Arkona,Ontario,CA,,,,arkona,ON,false,false,,America/Toronto
Armagh,Quebec,CA,,,,armagh,QC,false,false,,America/Montreal
Armstrong,British Columbia,CA,,,,armstrong,BC,false,false,,America/Vancouver
Armstrong,Ontario,CA,,,,armstrong,ON,false,false,,America/Toronto
Arnold`s Cove,Newfoundland,CA,,,,arnoldscove,NL,false,false,,America/St_Johns
Arnprior,Ontario,CA,,,,arnprior,ON,false,false,,America/Toronto
Arrowwood,Alberta,CA,,,,arrowwood,AB,false,false,,America/Edmonton
Arthur,Ontario,CA,,,,arthur,ON,false,false,,America/Toronto
Arundel,Quebec,CA,,,,arundel,QC,false,false,,America/Montreal
Arviat,Nunavut,CA,,,,arviat,NU,false,false,,America/Iqaluit
Asbestos,Quebec,CA,,,,asbestos,QC,false,false,,America/Montreal
Ascot,Quebec,CA,,,,ascot,QC,false,false,,America/Montreal
Ascot Corner,Quebec,CA,,,,ascotcorner,QC,false,false,,America/Montreal
Ashcroft,British Columbia,CA,,,,ashcroft,BC,false,false,,America/Vancouver
Ashern,Manitoba,CA,,,,ashern,MB,false,false,,America/Winnipeg
Ashmont,Alberta,CA,,,,ashmont,AB,false,false,,America/Edmonton
Ashuapmushuan,Quebec,CA,,,,ashuapmushuan,QC,false,false,,America/Montreal
Asquith,Saskatchewan,CA,,,,asquith,SK,false,false,,America/Regina
Assiniboia,Saskatchewan,CA,,,,assiniboia,SK,false,false,,America/Regina
Assumption,Alberta,CA,,,,assumption,AB,false,false,,America/Edmonton
Aston-Jonction,Quebec,CA,,,,astonjonction,QC,false,false,,America/Montreal
Athabasca,Alberta,CA,,,,athabasca,AB,false,false,,America/Edmonton
Athens,Ontario,CA,,,,athens,ON,false,false,,America/Toronto
Atikokan,Ontario,CA,,,,atikokan,ON,false,false,,America/Toronto
Atlin,British Columbia,CA,,,,atlin,BC,false,false,,America/Vancouver
Attawapiskat,Ontario,CA,,,,attawapiskat,ON,false,false,,America/Toronto
Atwood,Ontario,CA,,,,atwood,ON,false,false,,America/Toronto
Auburn,Ontario,CA,,,,auburn,ON,false,false,,America/Toronto
Aurora,Ontario,CA,,,,aurora,ON,false,false,,America/Toronto
Austin,Manitoba,CA,,,,austin,MB,false,false,,America/Winnipeg
Avola,British Columbia,CA,,,,avola,BC,false,false,,America/Vancouver
Avondale,Newfoundland,CA,,,,avondale,NL,false,false,,America/St_Johns
Avonlea,Saskatchewan,CA,,,,avonlea,SK,false,false,,America/Regina
Avonmore,Ontario,CA,,,,avonmore,ON,false,false,,America/Toronto
Ayer`s Cliff,Quebec,CA,,,,ayerscliff,QC,false,false,,America/Montreal
Aylesford,Nova Scotia,CA,,,,aylesford,NS,false,false,,America/Halifax
Aylmer,Ontario,CA,,,,aylmer,ON,false,false,,America/Toronto
Aylmer,Quebec,CA,,,,aylmer,QC,false,false,,America/Montreal
Ayr,Ontario,CA,,,,ayr,ON,false,false,,America/Toronto
Ayton,Ontario,CA,,,,ayton,ON,false,false,,America/Toronto
Azilda,Ontario,CA,,,,azilda,ON,false,false,,America/Toronto
Baddeck,Nova Scotia,CA,,,,baddeck,NS,false,false,,America/Halifax
Baden,Ontario,CA,,,,baden,ON,false,false,,America/Toronto
Badger,Newfoundland,CA,,,,badger,NL,false,false,,America/St_Johns
Bagotville,Quebec,CA,,,,bagotville,QC,false,false,,America/Montreal
Baie Verte,Newfoundland,CA,,,,baieverte,NL,false,false,,America/St_Johns
Baie-Comeau,Quebec,CA,,,,baiecomeau,QC,false,false,,America/Montreal
Baie-de-Shawinigan,Quebec,CA,,,,baiedeshawinigan,QC,false,false,,America/Montreal
Baie-des-Sables,Quebec,CA,,,,baiedessables,QC,false,false,,America/Montreal
Baie-du-Febvre,Quebec,CA,,,,baiedufebvre,QC,false,false,,America/Montreal
Baie-d`Urfe,Quebec,CA,,,,baiedurfe,QC,false,false,,America/Montreal
Baie-Johan-Beetz,Quebec,CA,,,,baiejohanbeetz,QC,false,false,,America/Montreal
Baie-Sainte-Catherine,Quebec,CA,,,,baiesaintecatherine,QC,false,false,,America/Montreal
Baie-St-Paul,Quebec,CA,,,,baiestpaul,QC,false,false,,America/Montreal
Baie-Ste-Anne,New Brunswick,CA,,,,baiesteanne,NB,false,false,,America/Moncton
Baie-Trinite,Quebec,CA,,,,baietrinite,QC,false,false,,America/Montreal
Bailieboro,Ontario,CA,,,,bailieboro,ON,false,false,,America/Toronto
Baker Brook,New Brunswick,CA,,,,bakerbrook,NB,false,false,,America/Moncton
Baker Lake,Nunavut,CA,,,,bakerlake,NU,false,false,,America/Iqaluit
Bala,Ontario,CA,,,,bala,ON,false,false,,America/Toronto
Balcarres,Saskatchewan,CA,,,,balcarres,SK,false,false,,America/Regina
Baldur,Manitoba,CA,,,,baldur,MB,false,false,,America/Winnipeg
Balfour,British Columbia,CA,,,,balfour,BC,false,false,,America/Vancouver
Balgonie,Saskatchewan,CA,,,,balgonie,SK,false,false,,America/Regina
Balmertown,Ontario,CA,,,,balmertown,ON,false,false,,America/Toronto
Balmoral,New Brunswick,CA,,,,balmoral,NB,false,false,,America/Moncton
Baltimore,Ontario,CA,,,,baltimore,ON,false,false,,America/Toronto
Bamfield,British Columbia,CA,,,,bamfield,BC,false,false,,America/Vancouver
Bancroft,Ontario,CA,,,,bancroft,ON,false,false,,America/Toronto
Banff,Alberta,CA,,,,banff,AB,false,false,,America/Edmonton
Barachois,Quebec,CA,,,,barachois,QC,false,false,,America/Montreal
Barkmere,Quebec,CA,,,,barkmere,QC,false,false,,America/Montreal
Barons,Alberta,CA,,,,barons,AB,false,false,,America/Edmonton
Barraute,Quebec,CA,,,,barraute,QC,false,false,,America/Montreal
Barrhead,Alberta,CA,,,,barrhead,AB,false,false,,America/Edmonton
Barrie,Ontario,CA,,,,barrie,ON,false,true,,America/Toronto
Barriere,British Columbia,CA,,,,barriere,BC,false,false,,America/Vancouver
Barry`s Bay,Ontario,CA,,,,barrysbay,ON,false,false,,America/Toronto
Barwick,Ontario,CA,,,,barwick,ON,false,false,,America/Toronto
Bashaw,Alberta,CA,,,,bashaw,AB,false,false,,America/Edmonton
Bass River,Nova Scotia,CA,,,,bassriver,NS,false,false,,America/Halifax
Bassano,Alberta,CA,,,,bassano,AB,false,false,,America/Edmonton
Basswood,Manitoba,CA,,,,basswood,MB,false,false,,America/Winnipeg
Batawa,Ontario,CA,,,,batawa,ON,false,false,,America/Toronto
Batchawana Bay,Ontario,CA,,,,batchawanabay,ON,false,false,,America/Toronto
Bath,New Brunswick,CA,,,,bath,NB,false,false,,America/Moncton
Bath,Ontario,CA,,,,bath,ON,false,false,,America/Toronto
Bathurst,New Brunswick,CA,,,,bathurst,NB,false,false,,America/Moncton
Batiscan,Quebec,CA,,,,batiscan,QC,false,false,,America/Montreal
Batteau,Newfoundland,CA,,,,batteau,NL,false,false,,America/St_Johns
Battle Harbour,Newfoundland,CA,,,,battleharbour,NL,false,false,,America/St_Johns
Battleford,Saskatchewan,CA,,,,battleford,SK,false,false,,America/Regina
Bauline,Newfoundland,CA,,,,bauline,NL,false,false,,America/St_Johns
Bawlf,Alberta,CA,,,,bawlf,AB,false,false,,America/Edmonton
Bay Bulls,Newfoundland,CA,,,,baybulls,NL,false,false,,America/St_Johns
Bay de Verde,Newfoundland,CA,,,,baydeverde,NL,false,false,,America/St_Johns
Bay L`Argent,Newfoundland,CA,,,,baylargent,NL,false,false,,America/St_Johns
Bay Roberts,Newfoundland,CA,,,,bayroberts,NL,false,false,,America/St_Johns
Bayfield,Ontario,CA,,,,bayfield,ON,false,false,,America/Toronto
Baysville,Ontario,CA,,,,baysville,ON,false,false,,America/Toronto
Beach Grove,British Columbia,CA,,,,beachgrove,BC,false,false,,America/Vancouver
Beachburg,Ontario,CA,,,,beachburg,ON,false,false,,America/Toronto
Beachville,Ontario,CA,,,,beachville,ON,false,false,,America/Toronto
Beaconsfield,Quebec,CA,,,,beaconsfield,QC,false,false,,America/Montreal
Beamsville,Ontario,CA,,,,beamsville,ON,false,false,,America/Toronto
Bear Canyon,Alberta,CA,,,,bearcanyon,AB,false,false,,America/Edmonton
Bear Lake,British Columbia,CA,,,,bearlake,BC,false,false,,America/Vancouver
Bear River,Nova Scotia,CA,,,,bearriver,NS,false,false,,America/Halifax
Beardmore,Ontario,CA,,,,beardmore,ON,false,false,,America/Toronto
Bearskin Lake,Ontario,CA,,,,bearskinlake,ON,false,false,,America/Toronto
Bearskin Lake First Nation,Ontario,CA,,,,bearskinlakefirstnation,ON,false,false,,America/Toronto
Bear`s Passage,Ontario,CA,,,,bearspassage,ON,false,false,,America/Toronto
Beaucanton,Quebec,CA,,,,beaucanton,QC,false,false,,America/Montreal
Beauceville,Quebec,CA,,,,beauceville,QC,false,false,,America/Montreal
Beauharnois,Quebec,CA,,,,beauharnois,QC,false,false,,America/Montreal
Beaulac-Garthby,Quebec,CA,,,,beaulacgarthby,QC,false,false,,America/Montreal
Beaumont,Alberta,CA,,,,beaumont,AB,false,false,,America/Edmonton
Beaumont,Newfoundland,CA,,,,beaumont,NL,false,false,,America/St_Johns
Beaumont,Quebec,CA,,,,beaumont,QC,false,false,,America/Montreal
Beauport,Quebec,CA,,,,beauport,QC,false,false,,America/Montreal
Beaupre,Quebec,CA,,,,beaupre,QC,false,false,,America/Montreal
Beausejour,Manitoba,CA,,,,beausejour,MB,false,false,,America/Winnipeg
Beauval,Saskatchewan,CA,,,,beauval,SK,false,false,,America/Regina
Beaver Cove,British Columbia,CA,,,,beavercove,BC,false,false,,America/Vancouver
Beaver Creek,Yukon,CA,,,,beavercreek,YT,false,false,,America/Whitehorse
Beaverdell,British Columbia,CA,,,,beaverdell,BC,false,false,,America/Vancouver
Beaverlodge,Alberta,CA,,,,beaverlodge,AB,false,false,,America/Edmonton
Beaverton,Ontario,CA,,,,beaverton,ON,false,false,,America/Toronto
Becancour,Quebec,CA,,,,becancour,QC,false,false,,America/Montreal
Bedeque,Prince Edward Island,CA,,,,bedeque,PE,false,false,,America/Halifax
Bedford,Quebec,CA,,,,bedford,QC,false,false,,America/Montreal
Beechy,Saskatchewan,CA,,,,beechy,SK,false,false,,America/Regina
Beeton,Ontario,CA,,,,beeton,ON,false,false,,America/Toronto
Beiseker,Alberta,CA,,,,beiseker,AB,false,false,,America/Edmonton
Bell Island,Newfoundland,CA,,,,bellisland,NL,false,false,,America/St_Johns
Bella Bella,British Columbia,CA,,,,bellabella,BC,false,false,,America/Vancouver
Bella Coola,British Columbia,CA,,,,bellacoola,BC,false,false,,America/Vancouver
Belle Neige,Quebec,CA,,,,belleneige,QC,false,false,,America/Montreal
Belle River,Ontario,CA,,,,belleriver,ON,false,false,,America/Toronto
Belledune,New Brunswick,CA,,,,belledune,NB,false,false,,America/Moncton
Bellefeuille,Quebec,CA,,,,bellefeuille,QC,false,false,,America/Montreal
Belleoram,Newfoundland,CA,,,,belleoram,NL,false,false,,America/St_Johns
Belleterre,Quebec,CA,,,,belleterre,QC,false,false,,America/Montreal
Belleville,Ontario,CA,,,,belleville,ON,false,false,,America/Toronto
Bellevue,Newfoundland,CA,,,,bellevue,NL,false,false,,America/St_Johns
Belmont,Manitoba,CA,,,,belmont,MB,false,false,,America/Winnipeg
Belmont,Ontario,CA,,,,belmont,ON,false,false,,America/Toronto
Beloeil,Quebec,CA,,,,beloeil,QC,false,false,,America/Montreal
Bengough,Saskatchewan,CA,,,,bengough,SK,false,false,,America/Regina
Benito,Manitoba,CA,,,,benito,MB,false,false,,America/Winnipeg
Benoit`s Cove,Newfoundland,CA,,,,benoitscove,NL,false,false,,America/St_Johns
Bentley,Alberta,CA,,,,bentley,AB,false,false,,America/Edmonton
Berens River,Manitoba,CA,,,,berensriver,MB,false,false,,America/Winnipeg
Beresford,New Brunswick,CA,,,,beresford,NB,false,false,,America/Moncton
Bergeronnes,Quebec,CA,,,,bergeronnes,QC,false,false,,America/Montreal
Berthierville,Quebec,CA,,,,berthierville,QC,false,false,,America/Montreal
Berwick,Nova Scotia,CA,,,,berwick,NS,false,false,,America/Halifax
Berwyn,Alberta,CA,,,,berwyn,AB,false,false,,America/Edmonton
Bethany,Ontario,CA,,,,bethany,ON,false,false,,America/Toronto
Bethesda,Ontario,CA,,,,bethesda,ON,false,false,,America/Toronto
Bethune,Saskatchewan,CA,,,,bethune,SK,false,false,,America/Regina
Betsiamites,Quebec,CA,,,,betsiamites,QC,false,false,,America/Montreal
Beulah,Manitoba,CA,,,,beulah,MB,false,false,,America/Winnipeg
Biencourt,Quebec,CA,,,,biencourt,QC,false,false,,America/Montreal
Bienfait,Saskatchewan,CA,,,,bienfait,SK,false,false,,America/Regina
Big River,Saskatchewan,CA,,,,bigriver,SK,false,false,,America/Regina
Big Trout Lake,Ontario,CA,,,,bigtroutlake,ON,false,false,,America/Toronto
Big Valley,Alberta,CA,,,,bigvalley,AB,false,false,,America/Edmonton
Biggar,Saskatchewan,CA,,,,biggar,SK,false,false,,America/Regina
Binbrook,Ontario,CA,,,,binbrook,ON,false,false,,America/Toronto
Bindloss,Alberta,CA,,,,bindloss,AB,false,false,,America/Edmonton
Binscarth,Manitoba,CA,,,,binscarth,MB,false,false,,America/Winnipeg
Birch Hills,Saskatchewan,CA,,,,birchhills,SK,false,false,,America/Regina
Birch Island,Ontario,CA,,,,birchisland,ON,false,false,,America/Toronto
Birchy Bay,Newfoundland,CA,,,,birchybay,NL,false,false,,America/St_Johns
Birsay,Saskatchewan,CA,,,,birsay,SK,false,false,,America/Regina
Birtle,Manitoba,CA,,,,birtle,MB,false,false,,America/Winnipeg
Biscotasing,Ontario,CA,,,,biscotasing,ON,false,false,,America/Toronto
Bishopton,Quebec,CA,,,,bishopton,QC,false,false,,America/Montreal
Bishop`s Falls,Newfoundland,CA,,,,bishopsfalls,NL,false,false,,America/St_Johns
Bissett,Manitoba,CA,,,,bissett,MB,false,false,,America/Winnipeg
Black Creek,British Columbia,CA,,,,blackcreek,BC,false,false,,America/Vancouver
Black Diamond,Alberta,CA,,,,blackdiamond,AB,false,false,,America/Edmonton
Black Duck Cove,Newfoundland,CA,,,,blackduckcove,NL,false,false,,America/St_Johns
Black Lake,Quebec,CA,,,,blacklake,QC,false,false,,America/Montreal
Black Point,British Columbia,CA,,,,blackpoint,BC,false,false,,America/Vancouver
Black Tickle,Newfoundland,CA,,,,blacktickle,NL,false,false,,America/St_Johns
Blackfalds,Alberta,CA,,,,blackfalds,AB,false,false,,America/Edmonton
Blackie,Alberta,CA,,,,blackie,AB,false,false,,America/Edmonton
Blacks Harbour,New Brunswick,CA,,,,blacksharbour,NB,false,false,,America/Moncton
Blackstock,Ontario,CA,,,,blackstock,ON,false,false,,America/Toronto
Blackville,New Brunswick,CA,,,,blackville,NB,false,false,,America/Moncton
Blaine Lake,Saskatchewan,CA,,,,blainelake,SK,false,false,,America/Regina
Blainville,Quebec,CA,,,,blainville,QC,false,false,,America/Montreal
Blanc-Sablon,Quebec,CA,,,,blancsablon,QC,false,false,,America/Montreal
Blandford,Nova Scotia,CA,,,,blandford,NS,false,false,,America/Halifax
Blenheim,Ontario,CA,,,,blenheim,ON,false,false,,America/Toronto
Blezard Valley,Ontario,CA,,,,blezardvalley,ON,false,false,,America/Toronto
Blind River,Ontario,CA,,,,blindriver,ON,false,false,,America/Toronto
Bloomfield,Ontario,CA,,,,bloomfield,ON,false,false,,America/Toronto
Blue Ridge,Alberta,CA,,,,blueridge,AB,false,false,,America/Edmonton
Blue River,British Columbia,CA,,,,blueriver,BC,false,false,,America/Vancouver
Blyth,Ontario,CA,,,,blyth,ON,false,false,,America/Toronto
Bob Quinn Lake,British Columbia,CA,,,,bobquinnlake,BC,false,false,,America/Vancouver
Bobcaygeon,Ontario,CA,,,,bobcaygeon,ON,false,false,,America/Toronto
Boiestown,New Brunswick,CA,,,,boiestown,NB,false,false,,America/Moncton
Bois-des-Filion,Quebec,CA,,,,boisdesfilion,QC,false,false,,America/Montreal
Boisbriand,Quebec,CA,,,,boisbriand,QC,false,false,,America/Montreal
Boischatel,Quebec,CA,,,,boischatel,QC,false,false,,America/Montreal
Boisdale,Nova Scotia,CA,,,,boisdale,NS,false,false,,America/Halifax
Boissevain,Manitoba,CA,,,,boissevain,MB,false,false,,America/Winnipeg
Bolton,Ontario,CA,,,,bolton,ON,false,false,,America/Toronto
Bon Accord,Alberta,CA,,,,bonaccord,AB,false,false,,America/Edmonton
Bonanza,Alberta,CA,,,,bonanza,AB,false,false,,America/Edmonton
Bonaventure,Quebec,CA,,,,bonaventure,QC,false,false,,America/Montreal
Bonavista,Newfoundland,CA,,,,bonavista,NL,false,false,,America/St_Johns
Bonfield,Ontario,CA,,,,bonfield,ON,false,false,,America/Toronto
Bonne-Esperance,Quebec,CA,,,,bonneesperance,QC,false,false,,America/Montreal
Bonnyville,Alberta,CA,,,,bonnyville,AB,false,false,,America/Edmonton
Borden,Ontario,CA,,,,borden,ON,false,false,,America/Toronto
Borden,Prince Edward Island,CA,,,,borden,PE,false,false,,America/Halifax
Borden,Saskatchewan,CA,,,,borden,SK,false,false,,America/Regina
Boston Bar,British Columbia,CA,,,,bostonbar,BC,false,false,,America/Vancouver
Boswell,British Columbia,CA,,,,boswell,BC,false,false,,America/Vancouver
Bothwell,Ontario,CA,,,,bothwell,ON,false,false,,America/Toronto
Botwood,Newfoundland,CA,,,,botwood,NL,false,false,,America/St_Johns
Boucherville,Quebec,CA,,,,boucherville,QC,false,false,,America/Montreal
Bouchette,Quebec,CA,,,,bouchette,QC,false,false,,America/Montreal
Bouctouche,New Brunswick,CA,,,,bouctouche,NB,false,false,,America/Moncton
Boularderie,Nova Scotia,CA,,,,boularderie,NS,false,false,,America/Halifax
Bourget,Ontario,CA,,,,bourget,ON,false,false,,America/Toronto
Bow Island,Alberta,CA,,,,bowisland,AB,false,false,,America/Edmonton
Bowden,Alberta,CA,,,,bowden,AB,false,false,,America/Edmonton
Bowen Island,British Columbia,CA,,,,bowenisland,BC,false,false,,America/Vancouver
Bowmanville,Ontario,CA,,,,bowmanville,ON,false,false,,America/Toronto
Bowser,British Columbia,CA,,,,bowser,BC,false,false,,America/Vancouver
Boyd`s Cove,Newfoundland,CA,,,,boydscove,NL,false,false,,America/St_Johns
Boyle,Alberta,CA,,,,boyle,AB,false,false,,America/Edmonton
Bracebridge,Ontario,CA,,,,bracebridge,ON,false,false,,America/Toronto
Bradford,Ontario,CA,,,,bradford,ON,false,false,,America/Toronto
Bradford West Gwillimbury,Ontario,CA,,,,bradfordwestgwillimbury,ON,false,false,,America/Toronto
Braeside,Ontario,CA,,,,braeside,ON,false,false,,America/Toronto
Bragg Creek,Alberta,CA,,,,braggcreek,AB,false,false,,America/Edmonton
Brampton,Ontario,CA,,,,brampton,ON,false,false,,America/Toronto
Branch,Newfoundland,CA,,,,branch,NL,false,false,,America/St_Johns
Brandon,Manitoba,CA,,,,brandon,MB,false,false,,America/Winnipeg
Brantford,Ontario,CA,,,,brantford,ON,false,false,,America/Toronto
Breakeyville,Quebec,CA,,,,breakeyville,QC,false,false,,America/Montreal
Brechin,Ontario,CA,,,,brechin,ON,false,false,,America/Toronto
Bredenbury,Saskatchewan,CA,,,,bredenbury,SK,false,false,,America/Regina
Brent`s Cove,Newfoundland,CA,,,,brentscove,NL,false,false,,America/St_Johns
Breslau,Ontario,CA,,,,breslau,ON,false,false,,America/Toronto
Breton,Alberta,CA,,,,breton,AB,false,false,,America/Edmonton
Bridge Lake,British Columbia,CA,,,,bridgelake,BC,false,false,,America/Vancouver
Bridgenorth,Ontario,CA,,,,bridgenorth,ON,false,false,,America/Toronto
Bridgetown,Nova Scotia,CA,,,,bridgetown,NS,false,false,,America/Halifax
Bridgewater,Nova Scotia,CA,,,,bridgewater,NS,false,false,,America/Halifax
Briercrest,Saskatchewan,CA,,,,briercrest,SK,false,false,,America/Regina
Brigden,Ontario,CA,,,,brigden,ON,false,false,,America/Toronto
Brigham,Quebec,CA,,,,brigham,QC,false,false,,America/Montreal
Bright,Ontario,CA,,,,bright,ON,false,false,,America/Toronto
Brighton,Ontario,CA,,,,brighton,ON,false,false,,America/Toronto
Brights Grove,Ontario,CA,,,,brightsgrove,ON,false,false,,America/Toronto
Brigus,Newfoundland,CA,,,,brigus,NL,false,false,,America/St_Johns
Britannia Beach,British Columbia,CA,,,,britanniabeach,BC,false,false,,America/Vancouver
Britt,Ontario,CA,,,,britt,ON,false,false,,America/Toronto
Broadview,Saskatchewan,CA,,,,broadview,SK,false,false,,America/Regina
Brochet,Manitoba,CA,,,,brochet,MB,false,false,,America/Winnipeg
Brock,Saskatchewan,CA,,,,brock,SK,false,false,,America/Regina
Brocket,Alberta,CA,,,,brocket,AB,false,false,,America/Edmonton
Brockville,Ontario,CA,,,,brockville,ON,false,false,,America/Toronto
Brome,Quebec,CA,,,,brome,QC,false,false,,America/Montreal
Bromont,Quebec,CA,,,,bromont,QC,false,false,,America/Montreal
Bromptonville,Quebec,CA,,,,bromptonville,QC,false,false,,America/Montreal
Brookdale,Manitoba,CA,,,,brookdale,MB,false,false,,America/Winnipeg
Brookfield,Nova Scotia,CA,,,,brookfield,NS,false,false,,America/Halifax
Brooklin,Ontario,CA,,,,brooklin,ON,false,false,,America/Toronto
Brooks,Alberta,CA,,,,brooks,AB,false,false,,America/Edmonton
Brossard,Quebec,CA,,,,brossard,QC,false,false,,America/Montreal
Browns Flat,New Brunswick,CA,,,,brownsflat,NB,false,false,,America/Moncton
Brownsburg,Quebec,CA,,,,brownsburg,QC,false,false,,America/Montreal
Brownsville,Ontario,CA,,,,brownsville,ON,false,false,,America/Toronto
Brownvale,Alberta,CA,,,,brownvale,AB,false,false,,America/Edmonton
Bruce Mines,Ontario,CA,,,,brucemines,ON,false,false,,America/Toronto
Bruderheim,Alberta,CA,,,,bruderheim,AB,false,false,,America/Edmonton
Bruno,Saskatchewan,CA,,,,bruno,SK,false,false,,America/Regina
Brussels,Ontario,CA,,,,brussels,ON,false,false,,America/Toronto
Bryson,Quebec,CA,,,,bryson,QC,false,false,,America/Montreal
Buchanan,Saskatchewan,CA,,,,buchanan,SK,false,false,,America/Regina
Buchans,Newfoundland,CA,,,,buchans,NL,false,false,,America/St_Johns
Buckhorn,Ontario,CA,,,,buckhorn,ON,false,false,,America/Toronto
Buckingham,Quebec,CA,,,,buckingham,QC,false,false,,America/Montreal
Buffalo Narrows,Saskatchewan,CA,,,,buffalonarrows,SK,false,false,,America/Regina
Burdett,Alberta,CA,,,,burdett,AB,false,false,,America/Edmonton
Burford,Ontario,CA,,,,burford,ON,false,false,,America/Toronto
Burgeo,Newfoundland,CA,,,,burgeo,NL,false,false,,America/St_Johns
Burgessville,Ontario,CA,,,,burgessville,ON,false,false,,America/Toronto
Burin,Newfoundland,CA,,,,burin,NL,false,false,,America/St_Johns
Burk`s Falls,Ontario,CA,,,,burksfalls,ON,false,false,,America/Toronto
Burleigh Falls,Ontario,CA,,,,burleighfalls,ON,false,false,,America/Toronto
Burlington,Newfoundland,CA,,,,burlington,NL,false,false,,America/St_Johns
Burlington,Ontario,CA,,,,burlington,ON,false,false,,America/Toronto
Burnaby,British Columbia,CA,,,,burnaby,BC,false,false,,America/Vancouver
Burns Lake,British Columbia,CA,,,,burnslake,BC,false,false,,America/Vancouver
Burnt Islands,Newfoundland,CA,,,,burntislands,NL,false,false,,America/St_Johns
Burstall,Saskatchewan,CA,,,,burstall,SK,false,false,,America/Regina
Burwash Landing,Yukon,CA,,,,burwashlanding,YT,false,false,,America/Whitehorse
Bury,Quebec,CA,,,,bury,QC,false,false,,America/Montreal
Byemoor,Alberta,CA,,,,byemoor,AB,false,false,,America/Edmonton
Cabano,Quebec,CA,,,,cabano,QC,false,false,,America/Montreal
Cabri,Saskatchewan,CA,,,,cabri,SK,false,false,,America/Regina
Cache Bay,Ontario,CA,,,,cachebay,ON,false,false,,America/Toronto
Cache Creek,British Columbia,CA,,,,cachecreek,BC,false,false,,America/Vancouver
Cacouna,Quebec,CA,,,,cacouna,QC,false,false,,America/Montreal
Cadillac,Quebec,CA,,,,cadillac,QC,false,false,,America/Montreal
Cadillac,Saskatchewan,CA,,,,cadillac,SK,false,false,,America/Regina
Cadomin,Alberta,CA,,,,cadomin,AB,false,false,,America/Edmonton
Calabogie,Ontario,CA,,,,calabogie,ON,false,false,,America/Toronto
Calder,Saskatchewan,CA,,,,calder,SK,false,false,,America/Regina
Caledon,Ontario,CA,,,,caledon,ON,false,false,,America/Toronto
Caledon East,Ontario,CA,,,,caledoneast,ON,false,false,,America/Toronto
Caledonia,Ontario,CA,,,,caledonia,ON,false,false,,America/Toronto
Calgary,Alberta,CA,,,,calgary,AB,false,true,,America/Edmonton
Callander,Ontario,CA,,,,callander,ON,false,false,,America/Toronto
Calling Lake,Alberta,CA,,,,callinglake,AB,false,false,,America/Edmonton
Calmar,Alberta,CA,,,,calmar,AB,false,false,,America/Edmonton
Calstock,Ontario,CA,,,,calstock,ON,false,false,,America/Toronto
Calumet,Quebec,CA,,,,calumet,QC,false,false,,America/Montreal
Cambray,Ontario,CA,,,,cambray,ON,false,false,,America/Toronto
Cambridge,Ontario,CA,,,,cambridge,ON,false,false,,America/Toronto
Cambridge Bay,Nunavut,CA,,,,cambridgebay,NU,false,false,,America/Iqaluit
Cameron,Ontario,CA,,,,cameron,ON,false,false,,America/Toronto
Camlachie,Ontario,CA,,,,camlachie,ON,false,false,,America/Toronto
Campbell River,British Columbia,CA,,,,campbellriver,BC,false,false,,America/Vancouver
Campbellford,Ontario,CA,,,,campbellford,ON,false,false,,America/Toronto
Campbellton,New Brunswick,CA,,,,campbellton,NB,false,false,,America/Moncton
Campbellton,Newfoundland,CA,,,,campbellton,NL,false,false,,America/St_Johns
Campbellville,Ontario,CA,,,,campbellville,ON,false,false,,America/Toronto
Campbell`s Bay,Quebec,CA,,,,campbellsbay,QC,false,false,,America/Montreal
Camperville,Manitoba,CA,,,,camperville,MB,false,false,,America/Winnipeg
Campobello Island,New Brunswick,CA,,,,campobelloisland,NB,false,false,,America/Moncton
Camrose,Alberta,CA,,,,camrose,AB,false,false,,America/Edmonton
Canal Flats,British Columbia,CA,,,,canalflats,BC,false,false,,America/Vancouver
Candiac,Quebec,CA,,,,candiac,QC,false,false,,America/Montreal
Canmore,Alberta,CA,,,,canmore,AB,false,false,,America/Edmonton
Canning,Nova Scotia,CA,,,,canning,NS,false,false,,America/Halifax
Cannington,Ontario,CA,,,,cannington,ON,false,false,,America/Toronto
Canoe Narrows,Saskatchewan,CA,,,,canoenarrows,SK,false,false,,America/Regina
Canora,Saskatchewan,CA,,,,canora,SK,false,false,,America/Regina
Canso,Nova Scotia,CA,,,,canso,NS,false,false,,America/Halifax
Canterbury,New Brunswick,CA,,,,canterbury,NB,false,false,,America/Moncton
Cantley,Quebec,CA,,,,cantley,QC,false,false,,America/Montreal
Canwood,Saskatchewan,CA,,,,canwood,SK,false,false,,America/Regina
Cap-a-l`Aigle,Quebec,CA,,,,capalaigle,QC,false,false,,America/Montreal
Cap-aux-Meules,Quebec,CA,,,,capauxmeules,QC,false,false,,America/Montreal
Cap-Chat,Quebec,CA,,,,capchat,QC,false,false,,America/Montreal
Cap-de-la-Madeleine,Quebec,CA,,,,capdelamadeleine,QC,false,false,,America/Montreal
Cap-des-Rosiers,Quebec,CA,,,,capdesrosiers,QC,false,false,,America/Montreal
Cap-Pele,New Brunswick,CA,,,,cappele,NB,false,false,,America/Moncton
Cap-Rouge,Quebec,CA,,,,caprouge,QC,false,false,,America/Montreal
Cap-Saint-Ignace,Quebec,CA,,,,capsaintignace,QC,false,false,,America/Montreal
Cape Broyle,Newfoundland,CA,,,,capebroyle,NL,false,false,,America/St_Johns
Cape Dorset,Nunavut,CA,,,,capedorset,NU,false,false,,America/Iqaluit
Caplan,Quebec,CA,,,,caplan,QC,false,false,,America/Montreal
Capreol,Ontario,CA,,,,capreol,ON,false,false,,America/Toronto
Caradoc First Nation,Ontario,CA,,,,caradocfirstnation,ON,false,false,,America/Toronto
Caramat,Ontario,CA,,,,caramat,ON,false,false,,America/Toronto
Caraquet,New Brunswick,CA,,,,caraquet,NB,false,false,,America/Moncton
Carberry,Manitoba,CA,,,,carberry,MB,false,false,,America/Winnipeg
Carbon,Alberta,CA,,,,carbon,AB,false,false,,America/Edmonton
Carbonear,Newfoundland,CA,,,,carbonear,NL,false,false,,America/St_Johns
Carcross,Yukon,CA,,,,carcross,YT,false,false,,America/Whitehorse
Cardiff,Ontario,CA,,,,cardiff,ON,false,false,,America/Toronto
Cardigan,Prince Edward Island,CA,,,,cardigan,PE,false,false,,America/Halifax
Cardinal,Ontario,CA,,,,cardinal,ON,false,false,,America/Toronto
Cardston,Alberta,CA,,,,cardston,AB,false,false,,America/Edmonton
Cargill,Ontario,CA,,,,cargill,ON,false,false,,America/Toronto
Caribou,Nova Scotia,CA,,,,caribou,NS,false,false,,America/Halifax
Carievale,Saskatchewan,CA,,,,carievale,SK,false,false,,America/Regina
Carignan,Quebec,CA,,,,carignan,QC,false,false,,America/Montreal
Carillon,Quebec,CA,,,,carillon,QC,false,false,,America/Montreal
Carleton,Nova Scotia,CA,,,,carleton,NS,false,false,,America/Halifax
Carleton,Quebec,CA,,,,carleton,QC,false,false,,America/Montreal
Carleton Place,Ontario,CA,,,,carletonplace,ON,false,false,,America/Toronto
Carlyle,Saskatchewan,CA,,,,carlyle,SK,false,false,,America/Regina
Carmacks,Yukon,CA,,,,carmacks,YT,false,false,,America/Whitehorse
Carman,Manitoba,CA,,,,carman,MB,false,false,,America/Winnipeg
Carmangay,Alberta,CA,,,,carmangay,AB,false,false,,America/Edmonton
Carmanville,Newfoundland,CA,,,,carmanville,NL,false,false,,America/St_Johns
Carnarvon,Ontario,CA,,,,carnarvon,ON,false,false,,America/Toronto
Carnduff,Saskatchewan,CA,,,,carnduff,SK,false,false,,America/Regina
Caroline,Alberta,CA,,,,caroline,AB,false,false,,America/Edmonton
Caron,Saskatchewan,CA,,,,caron,SK,false,false,,America/Regina
Carp,Ontario,CA,,,,carp,ON,false,false,,America/Toronto
Carrot River,Saskatchewan,CA,,,,carrotriver,SK,false,false,,America/Regina
Carseland,Alberta,CA,,,,carseland,AB,false,false,,America/Edmonton
Carstairs,Alberta,CA,,,,carstairs,AB,false,false,,America/Edmonton
Cartier,Ontario,CA,,,,cartier,ON,false,false,,America/Toronto
Cartwright,Manitoba,CA,,,,cartwright,MB,false,false,,America/Winnipeg
Cartwright,Newfoundland,CA,,,,cartwright,NL,false,false,,America/St_Johns
Casselman,Ontario,CA,,,,casselman,ON,false,false,,America/Toronto
Cassiar,British Columbia,CA,,,,cassiar,BC,false,false,,America/Vancouver
Castlegar,British Columbia,CA,,,,castlegar,BC,false,false,,America/Vancouver
Castlemore,Ontario,CA,,,,castlemore,ON,false,false,,America/Toronto
Castleton,Ontario,CA,,,,castleton,ON,false,false,,America/Toronto
Castor,Alberta,CA,,,,castor,AB,false,false,,America/Edmonton
Cat Lake,Ontario,CA,,,,catlake,ON,false,false,,America/Toronto
Catalina,Newfoundland,CA,,,,catalina,NL,false,false,,America/St_Johns
Causapscal,Quebec,CA,,,,causapscal,QC,false,false,,America/Montreal
Cavan,Ontario,CA,,,,cavan,ON,false,false,,America/Toronto
Cayley,Alberta,CA,,,,cayley,AB,false,false,,America/Edmonton
Cayuga,Ontario,CA,,,,cayuga,ON,false,false,,America/Toronto
Celista,British Columbia,CA,,,,celista,BC,false,false,,America/Vancouver
Central Butte,Saskatchewan,CA,,,,centralbutte,SK,false,false,,America/Regina
Centralia,Ontario,CA,,,,centralia,ON,false,false,,America/Toronto
Centreville,New Brunswick,CA,,,,centreville,NB,false,false,,America/Moncton
Centreville-Wareham-Trinity,Newfoundland,CA,,,,centrevillewarehamtrinity,NL,false,false,,America/St_Johns
Cereal,Alberta,CA,,,,cereal,AB,false,false,,America/Edmonton
Cessford,Alberta,CA,,,,cessford,AB,false,false,,America/Edmonton
Ceylon,Saskatchewan,CA,,,,ceylon,SK,false,false,,America/Regina
Chalk River,Ontario,CA,,,,chalkriver,ON,false,false,,America/Toronto
Chambly,Quebec,CA,,,,chambly,QC,false,false,,America/Montreal
Chambord,Quebec,CA,,,,chambord,QC,false,false,,America/Montreal
Champion,Alberta,CA,,,,champion,AB,false,false,,America/Edmonton
Champlain,Quebec,CA,,,,champlain,QC,false,false,,America/Montreal
Chance Cove,Newfoundland,CA,,,,chancecove,NL,false,false,,America/St_Johns
Chandler,Quebec,CA,,,,chandler,QC,false,false,,America/Montreal
Change islands,Newfoundland,CA,,,,changeislands,NL,false,false,,America/St_Johns
Chapais,Quebec,CA,,,,chapais,QC,false,false,,America/Montreal
Chapeau,Quebec,CA,,,,chapeau,QC,false,false,,America/Montreal
Chapel Arm,Newfoundland,CA,,,,chapelarm,NL,false,false,,America/St_Johns
Chapleau,Ontario,CA,,,,chapleau,ON,false,false,,America/Toronto
Chaplin,Saskatchewan,CA,,,,chaplin,SK,false,false,,America/Regina
Charette,Quebec,CA,,,,charette,QC,false,false,,America/Montreal
Charlemagne,Quebec,CA,,,,charlemagne,QC,false,false,,America/Montreal
Charlesbourg,Quebec,CA,,,,charlesbourg,QC,false,false,,America/Montreal
Charlevoix,Quebec,CA,,,,charlevoix,QC,false,false,,America/Montreal
Charlottetown,Newfoundland,CA,,,,charlottetown,NL,true,false,,America/St_Johns
Charlottetown,Prince Edward Island,CA,,,,charlottetown,PE,true,false,,America/Halifax
Charlton,Ontario,CA,,,,charlton,ON,false,false,,America/Toronto
Charny,Quebec,CA,,,,charny,QC,false,false,,America/Montreal
Chartierville,Quebec,CA,,,,chartierville,QC,false,false,,America/Montreal
Chase,British Columbia,CA,,,,chase,BC,false,false,,America/Vancouver
Chateau-Richer,Quebec,CA,,,,chateauricher,QC,false,false,,America/Montreal
Chateauguay,Quebec,CA,,,,chateauguay,QC,false,false,,America/Montreal
Chatham,New Brunswick,CA,,,,chatham,NB,false,false,,America/Moncton
Chatham,Ontario,CA,,,,chatham,ON,false,false,,America/Toronto
Chatsworth,Ontario,CA,,,,chatsworth,ON,false,false,,America/Toronto
Chauvin,Alberta,CA,,,,chauvin,AB,false,false,,America/Edmonton
Chelmsford,Ontario,CA,,,,chelmsford,ON,false,false,,America/Toronto
Chelsea,Nova Scotia,CA,,,,chelsea,NS,false,false,,America/Halifax
Chelsea,Quebec,CA,,,,chelsea,QC,false,false,,America/Montreal
Chemainus,British Columbia,CA,,,,chemainus,BC,false,false,,America/Vancouver
Cheneville,Quebec,CA,,,,cheneville,QC,false,false,,America/Montreal
Chesley,Ontario,CA,,,,chesley,ON,false,false,,America/Toronto
Chester,Nova Scotia,CA,,,,chester,NS,false,false,,America/Halifax
Chesterfield Inlet,Nunavut,CA,,,,chesterfieldinlet,NU,false,false,,America/Iqaluit
Chestermere,Alberta,CA,,,,chestermere,AB,false,false,,America/Edmonton
Chesterville,Ontario,CA,,,,chesterville,ON,false,false,,America/Toronto
Chesterville,Quebec,CA,,,,chesterville,QC,false,false,,America/Montreal
Cheticamp,Nova Scotia,CA,,,,cheticamp,NS,false,false,,America/Halifax
Chetwynd,British Columbia,CA,,,,chetwynd,BC,false,false,,America/Vancouver
Cheverie,Nova Scotia,CA,,,,cheverie,NS,false,false,,America/Halifax
Chevery,Quebec,CA,,,,chevery,QC,false,false,,America/Montreal
Chibougamau,Quebec,CA,,,,chibougamau,QC,false,false,,America/Montreal
Chicoutimi,Quebec,CA,,,,chicoutimi,QC,false,false,,America/Montreal
Chiefs Point First Nation,Ontario,CA,,,,chiefspointfirstnation,ON,false,false,,America/Toronto
Chilliwack,British Columbia,CA,,,,chilliwack,BC,false,false,,America/Vancouver
Chipewyan Lake,Alberta,CA,,,,chipewyanlake,AB,false,false,,America/Edmonton
Chipman,Alberta,CA,,,,chipman,AB,false,false,,America/Edmonton
Chipman,New Brunswick,CA,,,,chipman,NB,false,false,,America/Moncton
Chippewas of Kettle/Stony Poin,Ontario,CA,,,,chippewasofkettlestonypoin,ON,false,false,,America/Toronto
Chippewas Of Sarnia First Nati,Ontario,CA,,,,chippewasofsarniafirstnati,ON,false,false,,America/Toronto
Chisasibi,Quebec,CA,,,,chisasibi,QC,false,false,,America/Montreal
Choiceland,Saskatchewan,CA,,,,choiceland,SK,false,false,,America/Regina
Chomedey,Quebec,CA,,,,chomedey,QC,false,false,,America/Montreal
Christian Island,Ontario,CA,,,,christianisland,ON,false,false,,America/Toronto
Christina Lake,British Columbia,CA,,,,christinalake,BC,false,false,,America/Vancouver
Christopher Lake,Saskatchewan,CA,,,,christopherlake,SK,false,false,,America/Regina
Churchbridge,Saskatchewan,CA,,,,churchbridge,SK,false,false,,America/Regina
Churchill,Manitoba,CA,,,,churchill,MB,false,false,,America/Winnipeg
Churchill Falls,Newfoundland,CA,,,,churchillfalls,NL,false,false,,America/St_Johns
Chute-aux-Outardes,Quebec,CA,,,,chuteauxoutardes,QC,false,false,,America/Montreal
Chute-des-Passes,Quebec,CA,,,,chutedespasses,QC,false,false,,America/Montreal
Clair,New Brunswick,CA,,,,clair,NB,false,false,,America/Moncton
Clairmont,Alberta,CA,,,,clairmont,AB,false,false,,America/Edmonton
Claremont,Ontario,CA,,,,claremont,ON,false,false,,America/Toronto
Clarence Creek,Ontario,CA,,,,clarencecreek,ON,false,false,,America/Toronto
Clarence-Rockland,Ontario,CA,,,,clarencerockland,ON,false,false,,America/Toronto
Clarenville,Newfoundland,CA,,,,clarenville,NL,false,false,,America/St_Johns
Clarenville-Shoal Harbour,Newfoundland,CA,,,,clarenvilleshoalharbour,NL,false,false,,America/St_Johns
Claresholm,Alberta,CA,,,,claresholm,AB,false,false,,America/Edmonton
Clarington,Ontario,CA,,,,clarington,ON,false,false,,America/Toronto
Clarke`s Beach,Newfoundland,CA,,,,clarkesbeach,NL,false,false,,America/St_Johns
Clarks Corners,New Brunswick,CA,,,,clarkscorners,NB,false,false,,America/Moncton
Clarkson,Ontario,CA,,,,clarkson,ON,false,false,,America/Toronto
Clarksville,Nova Scotia,CA,,,,clarksville,NS,false,false,,America/Halifax
Clark`s Harbour,Nova Scotia,CA,,,,clarksharbour,NS,false,false,,America/Halifax
Clavet,Saskatchewan,CA,,,,clavet,SK,false,false,,America/Regina
Clearwater,British Columbia,CA,,,,clearwater,BC,false,false,,America/Vancouver
Clearwater Bay,Ontario,CA,,,,clearwaterbay,ON,false,false,,America/Toronto
Clericy,Quebec,CA,,,,clericy,QC,false,false,,America/Montreal
Clermont,Quebec,CA,,,,clermont,QC,false,false,,America/Montreal
Clifford,Ontario,CA,,,,clifford,ON,false,false,,America/Toronto
Climax,Saskatchewan,CA,,,,climax,SK,false,false,,America/Regina
Clinton,British Columbia,CA,,,,clinton,BC,false,false,,America/Vancouver
Clinton,Ontario,CA,,,,clinton,ON,false,false,,America/Toronto
Clive,Alberta,CA,,,,clive,AB,false,false,,America/Edmonton
Cloridorme,Quebec,CA,,,,cloridorme,QC,false,false,,America/Montreal
Cloud Bay,Ontario,CA,,,,cloudbay,ON,false,false,,America/Toronto
Clova,Quebec,CA,,,,clova,QC,false,false,,America/Montreal
Clyde,Alberta,CA,,,,clyde,AB,false,false,,America/Edmonton
Coaldale,Alberta,CA,,,,coaldale,AB,false,false,,America/Edmonton
Coalhurst,Alberta,CA,,,,coalhurst,AB,false,false,,America/Edmonton
Coaticook,Quebec,CA,,,,coaticook,QC,false,false,,America/Montreal
Cobalt,Ontario,CA,,,,cobalt,ON,false,false,,America/Toronto
Cobble Hill,British Columbia,CA,,,,cobblehill,BC,false,false,,America/Vancouver
Cobden,Ontario,CA,,,,cobden,ON,false,false,,America/Toronto
Coboconk,Ontario,CA,,,,coboconk,ON,false,false,,America/Toronto
Cobourg,Ontario,CA,,,,cobourg,ON,false,false,,America/Toronto
Cocagne,New Brunswick,CA,,,,cocagne,NB,false,false,,America/Moncton
Cochenour,Ontario,CA,,,,cochenour,ON,false,false,,America/Toronto
Cochin,Saskatchewan,CA,,,,cochin,SK,false,false,,America/Regina
Cochrane,Alberta,CA,,,,cochrane,AB,false,false,,America/Edmonton
Cochrane,Ontario,CA,,,,cochrane,ON,false,false,,America/Toronto
Coderre,Saskatchewan,CA,,,,coderre,SK,false,false,,America/Regina
Codroy,Newfoundland,CA,,,,codroy,NL,false,false,,America/St_Johns
Coe Hill,Ontario,CA,,,,coehill,ON,false,false,,America/Toronto
Colborne,Ontario,CA,,,,colborne,ON,false,false,,America/Toronto
Colchester,Ontario,CA,,,,colchester,ON,false,false,,America/Toronto
Cold Lake,Alberta,CA,,,,coldlake,AB,false,false,,America/Edmonton
Cold Springs,Ontario,CA,,,,coldsprings,ON,false,false,,America/Toronto
Coldwater,Ontario,CA,,,,coldwater,ON,false,false,,America/Toronto
Coleville,Saskatchewan,CA,,,,coleville,SK,false,false,,America/Regina
Colliers,Newfoundland,CA,,,,colliers,NL,false,false,,America/St_Johns
Collingwood,Ontario,CA,,,,collingwood,ON,false,false,,America/Toronto
Collingwood Corner,Nova Scotia,CA,,,,collingwoodcorner,NS,false,false,,America/Halifax
Colombier,Quebec,CA,,,,colombier,QC,false,false,,America/Montreal
Colonsay,Saskatchewan,CA,,,,colonsay,SK,false,false,,America/Regina
Colwood,British Columbia,CA,,,,colwood,BC,false,false,,America/Vancouver
Comber,Ontario,CA,,,,comber,ON,false,false,,America/Toronto
Come By Chance,Newfoundland,CA,,,,comebychance,NL,false,false,,America/St_Johns
Comfort Cove-Newstead,Newfoundland,CA,,,,comfortcovenewstead,NL,false,false,,America/St_Johns
Comox,British Columbia,CA,,,,comox,BC,false,false,,America/Vancouver
Compton,Quebec,CA,,,,compton,QC,false,false,,America/Montreal
Conception Bay South,Newfoundland,CA,,,,conceptionbaysouth,NL,false,false,,America/St_Johns
Conception Harbour,Newfoundland,CA,,,,conceptionharbour,NL,false,false,,America/St_Johns
Conche,Newfoundland,CA,,,,conche,NL,false,false,,America/St_Johns
Concord,Ontario,CA,,,,concord,ON,false,false,,America/Toronto
Coniston,Ontario,CA,,,,coniston,ON,false,false,,America/Toronto
Conklin,Alberta,CA,,,,conklin,AB,false,false,,America/Edmonton
Connaught,Ontario,CA,,,,connaught,ON,false,false,,America/Toronto
Conne River,Newfoundland,CA,,,,conneriver,NL,false,false,,America/St_Johns
Conquest,Saskatchewan,CA,,,,conquest,SK,false,false,,America/Regina
Consort,Alberta,CA,,,,consort,AB,false,false,,America/Edmonton
Constance Bay,Ontario,CA,,,,constancebay,ON,false,false,,America/Toronto
Constance Lake First Nation,Ontario,CA,,,,constancelakefirstnation,ON,false,false,,America/Toronto
Consul,Saskatchewan,CA,,,,consul,SK,false,false,,America/Regina
Contrecoeur,Quebec,CA,,,,contrecoeur,QC,false,false,,America/Montreal
Cookshire,Quebec,CA,,,,cookshire,QC,false,false,,America/Montreal
Cookstown,Ontario,CA,,,,cookstown,ON,false,false,,America/Toronto
Cooksville,Ontario,CA,,,,cooksville,ON,false,false,,America/Toronto
Cook`s Harbour,Newfoundland,CA,,,,cooksharbour,NL,false,false,,America/St_Johns
Coquitlam,British Columbia,CA,,,,coquitlam,BC,false,false,,America/Vancouver
Coral Harbour,Nunavut,CA,,,,coralharbour,NU,false,false,,America/Iqaluit
Cormorant,Manitoba,CA,,,,cormorant,MB,false,false,,America/Winnipeg
Corner Brook,Newfoundland,CA,,,,cornerbrook,NL,false,false,,America/St_Johns
Cornwall,Ontario,CA,,,,cornwall,ON,false,false,,America/Toronto
Cornwall,Prince Edward Island,CA,,,,cornwall,PE,false,false,,America/Halifax
Coronach,Saskatchewan,CA,,,,coronach,SK,false,false,,America/Regina
Coronation,Alberta,CA,,,,coronation,AB,false,false,,America/Edmonton
Corunna,Ontario,CA,,,,corunna,ON,false,false,,America/Toronto
Cote-St-Luc,Quebec,CA,,,,cotestluc,QC,false,false,,America/Montreal
Coteau-du-Lac,Quebec,CA,,,,coteaudulac,QC,false,false,,America/Montreal
Cottam,Ontario,CA,,,,cottam,ON,false,false,,America/Toronto
Cottlesville,Newfoundland,CA,,,,cottlesville,NL,false,false,,America/St_Johns
Courcelette,Quebec,CA,,,,courcelette,QC,false,false,,America/Montreal
Courcelles,Quebec,CA,,,,courcelles,QC,false,false,,America/Montreal
Courtenay,British Columbia,CA,,,,courtenay,BC,false,false,,America/Vancouver
Courtice,Ontario,CA,,,,courtice,ON,false,false,,America/Toronto
Courtright,Ontario,CA,,,,courtright,ON,false,false,,America/Toronto
Coutts,Alberta,CA,,,,coutts,AB,false,false,,America/Edmonton
Covehead,Prince Edward Island,CA,,,,covehead,PE,false,false,,America/Halifax
Cow Head,Newfoundland,CA,,,,cowhead,NL,false,false,,America/St_Johns
Cowan,Manitoba,CA,,,,cowan,MB,false,false,,America/Winnipeg
Cowansville,Quebec,CA,,,,cowansville,QC,false,false,,America/Montreal
Cowichan Bay,British Columbia,CA,,,,cowichanbay,BC,false,false,,America/Vancouver
Cowley,Alberta,CA,,,,cowley,AB,false,false,,America/Edmonton
Crabtree,Quebec,CA,,,,crabtree,QC,false,false,,America/Montreal
Craigmyle,Alberta,CA,,,,craigmyle,AB,false,false,,America/Edmonton
Craik,Saskatchewan,CA,,,,craik,SK,false,false,,America/Regina
Cranberry Portage,Manitoba,CA,,,,cranberryportage,MB,false,false,,America/Winnipeg
Cranbrook,British Columbia,CA,,,,cranbrook,BC,false,false,,America/Vancouver
Crandall,Manitoba,CA,,,,crandall,MB,false,false,,America/Winnipeg
Crapaud,Prince Edward Island,CA,,,,crapaud,PE,false,false,,America/Halifax
Crawford Bay,British Columbia,CA,,,,crawfordbay,BC,false,false,,America/Vancouver
Crediton,Ontario,CA,,,,crediton,ON,false,false,,America/Toronto
Creelman,Saskatchewan,CA,,,,creelman,SK,false,false,,America/Regina
Creemore,Ontario,CA,,,,creemore,ON,false,false,,America/Toronto
Creighton,Saskatchewan,CA,,,,creighton,SK,false,false,,America/Regina
Cremona,Alberta,CA,,,,cremona,AB,false,false,,America/Edmonton
Crescent Beach,British Columbia,CA,,,,crescentbeach,BC,false,false,,America/Vancouver
Creston,British Columbia,CA,,,,creston,BC,false,false,,America/Vancouver
Cross Lake,Manitoba,CA,,,,crosslake,MB,false,false,,America/Winnipeg
Crossfield,Alberta,CA,,,,crossfield,AB,false,false,,America/Edmonton
Crowsnest Pass,Alberta,CA,,,,crowsnestpass,AB,false,false,,America/Edmonton
Crysler,Ontario,CA,,,,crysler,ON,false,false,,America/Toronto
Crystal Beach,Ontario,CA,,,,crystalbeach,ON,false,false,,America/Toronto
Crystal City,Manitoba,CA,,,,crystalcity,MB,false,false,,America/Winnipeg
Cudworth,Saskatchewan,CA,,,,cudworth,SK,false,false,,America/Regina
Cumberland,British Columbia,CA,,,,cumberland,BC,false,false,,America/Vancouver
Cumberland,Ontario,CA,,,,cumberland,ON,false,false,,America/Toronto
Cumberland House,Saskatchewan,CA,,,,cumberlandhouse,SK,false,false,,America/Regina
Cupar,Saskatchewan,CA,,,,cupar,SK,false,false,,America/Regina
Cupids,Newfoundland,CA,,,,cupids,NL,false,false,,America/St_Johns
Cut Knife,Saskatchewan,CA,,,,cutknife,SK,false,false,,America/Regina
Cypress River,Manitoba,CA,,,,cypressriver,MB,false,false,,America/Winnipeg
Czar,Alberta,CA,,,,czar,AB,false,false,,America/Edmonton
Dalhousie,New Brunswick,CA,,,,dalhousie,NB,false,false,,America/Moncton
Dalmeny,Saskatchewan,CA,,,,dalmeny,SK,false,false,,America/Regina
Daniel`s Harbour,Newfoundland,CA,,,,danielsharbour,NL,false,false,,America/St_Johns
Danville,Quebec,CA,,,,danville,QC,false,false,,America/Montreal
Darlingford,Manitoba,CA,,,,darlingford,MB,false,false,,America/Winnipeg
Dartmouth,Nova Scotia,CA,,,,dartmouth,NS,false,false,,America/Halifax
Dashwood,Ontario,CA,,,,dashwood,ON,false,false,,America/Toronto
Dauphin,Manitoba,CA,,,,dauphin,MB,false,false,,America/Winnipeg
Daveluyville,Quebec,CA,,,,daveluyville,QC,false,false,,America/Montreal
Davidson,Saskatchewan,CA,,,,davidson,SK,false,false,,America/Regina
Davis Inlet,Newfoundland,CA,,,,davisinlet,NL,false,false,,America/St_Johns
Dawson,Yukon,CA,,,,dawson,YT,false,false,,America/Whitehorse
Dawson Creek,British Columbia,CA,,,,dawsoncreek,BC,false,false,,America/Vancouver
Daysland,Alberta,CA,,,,daysland,AB,false,false,,America/Edmonton
Dease Lake,British Columbia,CA,,,,deaselake,BC,false,false,,America/Vancouver
Deauville,Quebec,CA,,,,deauville,QC,false,false,,America/Montreal
Debden,Saskatchewan,CA,,,,debden,SK,false,false,,America/Regina
Debec,New Brunswick,CA,,,,debec,NB,false,false,,America/Moncton
Debert,Nova Scotia,CA,,,,debert,NS,false,false,,America/Halifax
DeBolt,Alberta,CA,,,,debolt,AB,false,false,,America/Edmonton
Deep River,Ontario,CA,,,,deepriver,ON,false,false,,America/Toronto
Deer Lake,Newfoundland,CA,,,,deerlake,NL,false,false,,America/St_Johns
Deer Lake,Ontario,CA,,,,deerlake,ON,false,false,,America/Toronto
Deerbrook,Ontario,CA,,,,deerbrook,ON,false,false,,America/Toronto
Degelis,Quebec,CA,,,,degelis,QC,false,false,,America/Montreal
Delaware of the Thames(Moravia,Ontario,CA,,,,delawareofthethamesmoravia,ON,false,false,,America/Toronto
Delburne,Alberta,CA,,,,delburne,AB,false,false,,America/Edmonton
Delhi,Ontario,CA,,,,delhi,ON,false,false,,America/Toronto
Delia,Alberta,CA,,,,delia,AB,false,false,,America/Edmonton
Delisle,Quebec,CA,,,,delisle,QC,false,false,,America/Montreal
Delisle,Saskatchewan,CA,,,,delisle,SK,false,false,,America/Regina
Deloraine,Manitoba,CA,,,,deloraine,MB,false,false,,America/Winnipeg
Delson,Quebec,CA,,,,delson,QC,false,false,,America/Montreal
Delta,British Columbia,CA,,,,delta,BC,false,false,,America/Vancouver
Delta,Ontario,CA,,,,delta,ON,false,false,,America/Toronto
Denbigh,Ontario,CA,,,,denbigh,ON,false,false,,America/Toronto
Denzil,Saskatchewan,CA,,,,denzil,SK,false,false,,America/Regina
Derwent,Alberta,CA,,,,derwent,AB,false,false,,America/Edmonton
Desbarats,Ontario,CA,,,,desbarats,ON,false,false,,America/Toronto
Desbiens,Quebec,CA,,,,desbiens,QC,false,false,,America/Montreal
Deschaillons-sur-Saint-Laurent,Quebec,CA,,,,deschaillonssursaintlaurent,QC,false,false,,America/Montreal
Deseronto,Ontario,CA,,,,deseronto,ON,false,false,,America/Toronto
Destruction Bay,Yukon,CA,,,,destructionbay,YT,false,false,,America/Whitehorse
Deux-Montagnes,Quebec,CA,,,,deuxmontagnes,QC,false,false,,America/Montreal
Deux-Rivieres,Ontario,CA,,,,deuxrivieres,ON,false,false,,America/Toronto
Devlin,Ontario,CA,,,,devlin,ON,false,false,,America/Toronto
Devon,Alberta,CA,,,,devon,AB,false,false,,America/Edmonton
Dewberry,Alberta,CA,,,,dewberry,AB,false,false,,America/Edmonton
Didsbury,Alberta,CA,,,,didsbury,AB,false,false,,America/Edmonton
Dieppe,New Brunswick,CA,,,,dieppe,NB,false,false,,America/Moncton
Digby,Nova Scotia,CA,,,,digby,NS,false,false,,America/Halifax
Dillon,Saskatchewan,CA,,,,dillon,SK,false,false,,America/Regina
Dingwall,Nova Scotia,CA,,,,dingwall,NS,false,false,,America/Halifax
Dinsmore,Saskatchewan,CA,,,,dinsmore,SK,false,false,,America/Regina
Disraeli,Quebec,CA,,,,disraeli,QC,false,false,,America/Montreal
Dixonville,Alberta,CA,,,,dixonville,AB,false,false,,America/Edmonton
Doaktown,New Brunswick,CA,,,,doaktown,NB,false,false,,America/Moncton
Dodsland,Saskatchewan,CA,,,,dodsland,SK,false,false,,America/Regina
Dokis,Ontario,CA,,,,dokis,ON,false,false,,America/Toronto
Dokis First Nation,Ontario,CA,,,,dokisfirstnation,ON,false,false,,America/Toronto
Dolbeau-Mistassini,Quebec,CA,,,,dolbeaumistassini,QC,false,false,,America/Montreal
Dollard-des-Ormeaux,Quebec,CA,,,,dollarddesormeaux,QC,false,false,,America/Montreal
Dominion City,Manitoba,CA,,,,dominioncity,MB,false,false,,America/Winnipeg
Domremy,Saskatchewan,CA,,,,domremy,SK,false,false,,America/Regina
Donald,British Columbia,CA,,,,donald,BC,false,false,,America/Vancouver
Donalda,Alberta,CA,,,,donalda,AB,false,false,,America/Edmonton
Donnacona,Quebec,CA,,,,donnacona,QC,false,false,,America/Montreal
Donnelly,Alberta,CA,,,,donnelly,AB,false,false,,America/Edmonton
Dorchester,New Brunswick,CA,,,,dorchester,NB,false,false,,America/Moncton
Dorchester,Ontario,CA,,,,dorchester,ON,false,false,,America/Toronto
Dorion,Ontario,CA,,,,dorion,ON,false,false,,America/Toronto
Dorset,Ontario,CA,,,,dorset,ON,false,false,,America/Toronto
Dorval,Quebec,CA,,,,dorval,QC,false,false,,America/Montreal
Douglas,Ontario,CA,,,,douglas,ON,false,false,,America/Toronto
Douglas Lake,British Columbia,CA,,,,douglaslake,BC,false,false,,America/Vancouver
Douglastown,Ontario,CA,,,,douglastown,ON,false,false,,America/Toronto
Dover,Newfoundland,CA,,,,dover,NL,false,false,,America/St_Johns
Drake,Saskatchewan,CA,,,,drake,SK,false,false,,America/Regina
Drayton,Ontario,CA,,,,drayton,ON,false,false,,America/Toronto
Drayton Valley,Alberta,CA,,,,draytonvalley,AB,false,false,,America/Edmonton
Dresden,Ontario,CA,,,,dresden,ON,false,false,,America/Toronto
Drumbo,Ontario,CA,,,,drumbo,ON,false,false,,America/Toronto
Drumheller,Alberta,CA,,,,drumheller,AB,false,false,,America/Edmonton
Drummondville,Quebec,CA,,,,drummondville,QC,false,false,,America/Montreal
Dryden,Ontario,CA,,,,dryden,ON,false,false,,America/Toronto
Dublin,Ontario,CA,,,,dublin,ON,false,false,,America/Toronto
Dubreuilville,Ontario,CA,,,,dubreuilville,ON,false,false,,America/Toronto
Dubuc,Saskatchewan,CA,,,,dubuc,SK,false,false,,America/Regina
Dubuisson,Quebec,CA,,,,dubuisson,QC,false,false,,America/Montreal
Duchess,Alberta,CA,,,,duchess,AB,false,false,,America/Edmonton
Duck Lake,Saskatchewan,CA,,,,ducklake,SK,false,false,,America/Regina
Dugald,Manitoba,CA,,,,dugald,MB,false,false,,America/Winnipeg
Duncan,British Columbia,CA,,,,duncan,BC,false,false,,America/Vancouver
Dunchurch,Ontario,CA,,,,dunchurch,ON,false,false,,America/Toronto
Dundalk,Ontario,CA,,,,dundalk,ON,false,false,,America/Toronto
Dundas,Ontario,CA,,,,dundas,ON,false,false,,America/Toronto
Dundee,Nova Scotia,CA,,,,dundee,NS,false,false,,America/Halifax
Dundurn,Saskatchewan,CA,,,,dundurn,SK,false,false,,America/Regina
Dungannon,Ontario,CA,,,,dungannon,ON,false,false,,America/Toronto
Dunham,Quebec,CA,,,,dunham,QC,false,false,,America/Montreal
Dunnville,Ontario,CA,,,,dunnville,ON,false,false,,America/Toronto
Dunsford,Ontario,CA,,,,dunsford,ON,false,false,,America/Toronto
Dunster,British Columbia,CA,,,,dunster,BC,false,false,,America/Vancouver
Duparquet,Quebec,CA,,,,duparquet,QC,false,false,,America/Montreal
Dupuy,Quebec,CA,,,,dupuy,QC,false,false,,America/Montreal
Durham,Ontario,CA,,,,durham,ON,false,false,,America/Toronto
Dutton,Ontario,CA,,,,dutton,ON,false,false,,America/Toronto
Duvernay,Quebec,CA,,,,duvernay,QC,false,false,,America/Montreal
Dwight,Ontario,CA,,,,dwight,ON,false,false,,America/Toronto
Dyer`s Bay,Ontario,CA,,,,dyersbay,ON,false,false,,America/Toronto
Dysart,Saskatchewan,CA,,,,dysart,SK,false,false,,America/Regina
D`Arcy,British Columbia,CA,,,,darcy,BC,false,false,,America/Vancouver
Eagle Lake First Nation,Ontario,CA,,,,eaglelakefirstnation,ON,false,false,,America/Toronto
Eagle River,Ontario,CA,,,,eagleriver,ON,false,false,,America/Toronto
Eaglesham,Alberta,CA,,,,eaglesham,AB,false,false,,America/Edmonton
Ear Falls,Ontario,CA,,,,earfalls,ON,false,false,,America/Toronto
Earl Grey,Saskatchewan,CA,,,,earlgrey,SK,false,false,,America/Regina
Earlton,Ontario,CA,,,,earlton,ON,false,false,,America/Toronto
East Angus,Quebec,CA,,,,eastangus,QC,false,false,,America/Montreal
East Bay,Nova Scotia,CA,,,,eastbay,NS,false,false,,America/Halifax
East Broughton,Quebec,CA,,,,eastbroughton,QC,false,false,,America/Montreal
East Coulee,Alberta,CA,,,,eastcoulee,AB,false,false,,America/Edmonton
East Farnham,Quebec,CA,,,,eastfarnham,QC,false,false,,America/Montreal
East Gwillimbury,Ontario,CA,,,,eastgwillimbury,ON,false,false,,America/Toronto
East Hereford,Quebec,CA,,,,easthereford,QC,false,false,,America/Montreal
East Pine,British Columbia,CA,,,,eastpine,BC,false,false,,America/Vancouver
East Point,Prince Edward Island,CA,,,,eastpoint,PE,false,false,,America/Halifax
East York,Ontario,CA,,,,eastyork,ON,false,false,,America/Toronto
Eastend,Saskatchewan,CA,,,,eastend,SK,false,false,,America/Regina
Easterville,Manitoba,CA,,,,easterville,MB,false,false,,America/Winnipeg
Eastmain,Quebec,CA,,,,eastmain,QC,false,false,,America/Montreal
Eastman,Quebec,CA,,,,eastman,QC,false,false,,America/Montreal
Eastport,Newfoundland,CA,,,,eastport,NL,false,false,,America/St_Johns
Eastwood,Ontario,CA,,,,eastwood,ON,false,false,,America/Toronto
Eatonia,Saskatchewan,CA,,,,eatonia,SK,false,false,,America/Regina
Echo Bay,Ontario,CA,,,,echobay,ON,false,false,,America/Toronto
Eckville,Alberta,CA,,,,eckville,AB,false,false,,America/Edmonton
Ecum Secum,Nova Scotia,CA,,,,ecumsecum,NS,false,false,,America/Halifax
Edam,Saskatchewan,CA,,,,edam,SK,false,false,,America/Regina
Eddystone,Manitoba,CA,,,,eddystone,MB,false,false,,America/Winnipeg
Edgerton,Alberta,CA,,,,edgerton,AB,false,false,,America/Edmonton
Edmonton,Alberta,CA,,,,edmonton,AB,true,true,,America/Edmonton
Edmundston,New Brunswick,CA,,,,edmundston,NB,false,false,,America/Moncton
Edson,Alberta,CA,,,,edson,AB,false,false,,America/Edmonton
Edwin,Manitoba,CA,,,,edwin,MB,false,false,,America/Winnipeg
Edzo,Northwest Territories,CA,,,,edzo,NT,false,false,,America/Yellowknife
Eganville,Ontario,CA,,,,eganville,ON,false,false,,America/Toronto
Elbow,Saskatchewan,CA,,,,elbow,SK,false,false,,America/Regina
Eldon,Prince Edward Island,CA,,,,eldon,PE,false,false,,America/Halifax
Elfros,Saskatchewan,CA,,,,elfros,SK,false,false,,America/Regina
Elgin,Manitoba,CA,,,,elgin,MB,false,false,,America/Winnipeg
Elgin,Ontario,CA,,,,elgin,ON,false,false,,America/Toronto
Elie,Manitoba,CA,,,,elie,MB,false,false,,America/Winnipeg
Elizabethtown,Ontario,CA,,,,elizabethtown,ON,false,false,,America/Toronto
Elk Lake,Ontario,CA,,,,elklake,ON,false,false,,America/Toronto
Elk Point,Alberta,CA,,,,elkpoint,AB,false,false,,America/Edmonton
Elkford,British Columbia,CA,,,,elkford,BC,false,false,,America/Vancouver
Elkhorn,Manitoba,CA,,,,elkhorn,MB,false,false,,America/Winnipeg
Elko,British Columbia,CA,,,,elko,BC,false,false,,America/Vancouver
Elkwater,Alberta,CA,,,,elkwater,AB,false,false,,America/Edmonton
Elliot Lake,Ontario,CA,,,,elliotlake,ON,false,false,,America/Toronto
Elliston,Newfoundland,CA,,,,elliston,NL,false,false,,America/St_Johns
Elm Creek,Manitoba,CA,,,,elmcreek,MB,false,false,,America/Winnipeg
Elmira,Ontario,CA,,,,elmira,ON,false,false,,America/Toronto
Elmsdale,Nova Scotia,CA,,,,elmsdale,NS,false,false,,America/Halifax
Elmvale,Ontario,CA,,,,elmvale,ON,false,false,,America/Toronto
Elnora,Alberta,CA,,,,elnora,AB,false,false,,America/Edmonton
Elora,Ontario,CA,,,,elora,ON,false,false,,America/Toronto
Elrose,Saskatchewan,CA,,,,elrose,SK,false,false,,America/Regina
Embree,Newfoundland,CA,,,,embree,NL,false,false,,America/St_Johns
Embro,Ontario,CA,,,,embro,ON,false,false,,America/Toronto
Embrun,Ontario,CA,,,,embrun,ON,false,false,,America/Toronto
Emerson,Manitoba,CA,,,,emerson,MB,false,false,,America/Winnipeg
Emeryville,Ontario,CA,,,,emeryville,ON,false,false,,America/Toronto
Emo,Ontario,CA,,,,emo,ON,false,false,,America/Toronto
Empress,Alberta,CA,,,,empress,AB,false,false,,America/Edmonton
Emsdale,Ontario,CA,,,,emsdale,ON,false,false,,America/Toronto
Enchant,Alberta,CA,,,,enchant,AB,false,false,,America/Edmonton
Enderby,British Columbia,CA,,,,enderby,BC,false,false,,America/Vancouver
Englee,Newfoundland,CA,,,,englee,NL,false,false,,America/St_Johns
Englehart,Ontario,CA,,,,englehart,ON,false,false,,America/Toronto
English Harbour East,Newfoundland,CA,,,,englishharboureast,NL,false,false,,America/St_Johns
Enterprise,Northwest Territories,CA,,,,enterprise,NT,false,false,,America/Yellowknife
Enterprise,Ontario,CA,,,,enterprise,ON,false,false,,America/Toronto
Entrelacs,Quebec,CA,,,,entrelacs,QC,false,false,,America/Montreal
Erickson,Manitoba,CA,,,,erickson,MB,false,false,,America/Winnipeg
Eriksdale,Manitoba,CA,,,,eriksdale,MB,false,false,,America/Winnipeg
Erin,Ontario,CA,,,,erin,ON,false,false,,America/Toronto
Eskasoni,Nova Scotia,CA,,,,eskasoni,NS,false,false,,America/Halifax
Espanola,Ontario,CA,,,,espanola,ON,false,false,,America/Toronto
Essex,Ontario,CA,,,,essex,ON,false,false,,America/Toronto
Estaire,Ontario,CA,,,,estaire,ON,false,false,,America/Toronto
Esterel,Quebec,CA,,,,esterel,QC,false,false,,America/Montreal
Esterhazy,Saskatchewan,CA,,,,esterhazy,SK,false,false,,America/Regina
Estevan,Saskatchewan,CA,,,,estevan,SK,false,false,,America/Regina
Estevan Point,British Columbia,CA,,,,estevanpoint,BC,false,false,,America/Vancouver
Eston,Saskatchewan,CA,,,,eston,SK,false,false,,America/Regina
Ethelbert,Manitoba,CA,,,,ethelbert,MB,false,false,,America/Winnipeg
Etobicoke,Ontario,CA,,,,etobicoke,ON,false,false,,America/Toronto
Etzikom,Alberta,CA,,,,etzikom,AB,false,false,,America/Edmonton
Eugenia,Ontario,CA,,,,eugenia,ON,false,false,,America/Toronto
Evain,Quebec,CA,,,,evain,QC,false,false,,America/Montreal
Evansburg,Alberta,CA,,,,evansburg,AB,false,false,,America/Edmonton
Exeter,Ontario,CA,,,,exeter,ON,false,false,,America/Toronto
Exshaw,Alberta,CA,,,,exshaw,AB,false,false,,America/Edmonton
Eyebrow,Saskatchewan,CA,,,,eyebrow,SK,false,false,,America/Regina
Fabre,Quebec,CA,,,,fabre,QC,false,false,,America/Montreal
Fabreville,Quebec,CA,,,,fabreville,QC,false,false,,America/Montreal
Fair Haven,Newfoundland,CA,,,,fairhaven,NL,false,false,,America/St_Johns
Fairmont Hot Springs,British Columbia,CA,,,,fairmonthotsprings,BC,false,false,,America/Vancouver
Fairview,Alberta,CA,,,,fairview,AB,false,false,,America/Edmonton
Falardeau,Quebec,CA,,,,falardeau,QC,false,false,,America/Montreal
Falcon Lake,Manitoba,CA,,,,falconlake,MB,false,false,,America/Winnipeg
Falher,Alberta,CA,,,,falher,AB,false,false,,America/Edmonton
Falkland,British Columbia,CA,,,,falkland,BC,false,false,,America/Vancouver
Farnham,Quebec,CA,,,,farnham,QC,false,false,,America/Montreal
Faro,Yukon,CA,,,,faro,YT,false,false,,America/Whitehorse
Fassett,Quebec,CA,,,,fassett,QC,false,false,,America/Montreal
Fauquier,British Columbia,CA,,,,fauquier,BC,false,false,,America/Vancouver
Fauquier,Ontario,CA,,,,fauquier,ON,false,false,,America/Toronto
Faust,Alberta,CA,,,,faust,AB,false,false,,America/Edmonton
Fenelon Falls,Ontario,CA,,,,fenelonfalls,ON,false,false,,America/Toronto
Fenwick,Ontario,CA,,,,fenwick,ON,false,false,,America/Toronto
Fergus,Ontario,CA,,,,fergus,ON,false,false,,America/Toronto
Ferintosh,Alberta,CA,,,,ferintosh,AB,false,false,,America/Edmonton
Ferland,Quebec,CA,,,,ferland,QC,false,false,,America/Montreal
Ferme-Neuve,Quebec,CA,,,,fermeneuve,QC,false,false,,America/Montreal
Fermeuse,Newfoundland,CA,,,,fermeuse,NL,false,false,,America/St_Johns
Fermont,Quebec,CA,,,,fermont,QC,false,false,,America/Montreal
Fernie,British Columbia,CA,,,,fernie,BC,false,false,,America/Vancouver
Feversham,Ontario,CA,,,,feversham,ON,false,false,,America/Toronto
Field,British Columbia,CA,,,,field,BC,false,false,,America/Vancouver
Field,Ontario,CA,,,,field,ON,false,false,,America/Toronto
Fillmore,Saskatchewan,CA,,,,fillmore,SK,false,false,,America/Regina
Finch,Ontario,CA,,,,finch,ON,false,false,,America/Toronto
Fingal,Ontario,CA,,,,fingal,ON,false,false,,America/Toronto
Fisher Branch,Manitoba,CA,,,,fisherbranch,MB,false,false,,America/Winnipeg
Fisher River,Manitoba,CA,,,,fisherriver,MB,false,false,,America/Winnipeg
Fisherville,Ontario,CA,,,,fisherville,ON,false,false,,America/Toronto
Flamborough,Ontario,CA,,,,flamborough,ON,false,false,,America/Toronto
Flanders,Ontario,CA,,,,flanders,ON,false,false,,America/Toronto
Flatbush,Alberta,CA,,,,flatbush,AB,false,false,,America/Edmonton
Flatrock,British Columbia,CA,,,,flatrock,BC,false,false,,America/Vancouver
Flatrock,Newfoundland,CA,,,,flatrock,NL,false,false,,America/St_Johns
Fleming,Saskatchewan,CA,,,,fleming,SK,false,false,,America/Regina
Flesherton,Ontario,CA,,,,flesherton,ON,false,false,,America/Toronto
Fleur de Lys,Newfoundland,CA,,,,fleurdelys,NL,false,false,,America/St_Johns
Fleurimont,Quebec,CA,,,,fleurimont,QC,false,false,,America/Montreal
Flin Flon,Manitoba,CA,,,,flinflon,MB,false,false,,America/Winnipeg
Florenceville,New Brunswick,CA,,,,florenceville,NB,false,false,,America/Moncton
Flower`s Cove,Newfoundland,CA,,,,flowerscove,NL,false,false,,America/St_Johns
Foam Lake,Saskatchewan,CA,,,,foamlake,SK,false,false,,America/Regina
Fogo,Newfoundland,CA,,,,fogo,NL,false,false,,America/St_Johns
Foley,Ontario,CA,,,,foley,ON,false,false,,America/Toronto
Foleyet,Ontario,CA,,,,foleyet,ON,false,false,,America/Toronto
Fond-du-Lac,Saskatchewan,CA,,,,fonddulac,SK,false,false,,America/Regina
Fords Mills,New Brunswick,CA,,,,fordsmills,NB,false,false,,America/Moncton
Foremost,Alberta,CA,,,,foremost,AB,false,false,,America/Edmonton
Forest,Ontario,CA,,,,forest,ON,false,false,,America/Toronto
Forest Grove,British Columbia,CA,,,,forestgrove,BC,false,false,,America/Vancouver
Forestburg,Alberta,CA,,,,forestburg,AB,false,false,,America/Edmonton
Forestville,Quebec,CA,,,,forestville,QC,false,false,,America/Montreal
Fork River,Manitoba,CA,,,,forkriver,MB,false,false,,America/Winnipeg
Fort Albany,Ontario,CA,,,,fortalbany,ON,false,false,,America/Toronto
Fort Assiniboine,Alberta,CA,,,,fortassiniboine,AB,false,false,,America/Edmonton
Fort Chipewyan,Alberta,CA,,,,fortchipewyan,AB,false,false,,America/Edmonton
Fort Erie,Ontario,CA,,,,forterie,ON,false,false,,America/Toronto
Fort Frances,Ontario,CA,,,,fortfrances,ON,false,false,,America/Toronto
Fort Fraser,British Columbia,CA,,,,fortfraser,BC,false,false,,America/Vancouver
Fort Good Hope,Northwest Territories,CA,,,,fortgoodhope,NT,false,false,,America/Yellowknife
Fort Hope,Ontario,CA,,,,forthope,ON,false,false,,America/Toronto
Fort Liard,Northwest Territories,CA,,,,fortliard,NT,false,false,,America/Yellowknife
Fort MacKay,Alberta,CA,,,,fortmackay,AB,false,false,,America/Edmonton
Fort Macleod,Alberta,CA,,,,fortmacleod,AB,false,false,,America/Edmonton
Fort McMurray,Alberta,CA,,,,fortmcmurray,AB,false,false,,America/Edmonton
Fort McPherson,Northwest Territories,CA,,,,fortmcpherson,NT,false,false,,America/Yellowknife
Fort Nelson,British Columbia,CA,,,,fortnelson,BC,false,false,,America/Vancouver
Fort Providence,Northwest Territories,CA,,,,fortprovidence,NT,false,false,,America/Yellowknife
Fort Qu`Appelle,Saskatchewan,CA,,,,fortquappelle,SK,false,false,,America/Regina
Fort Saskatchewan,Alberta,CA,,,,fortsaskatchewan,AB,false,false,,America/Edmonton
Fort Severn,Ontario,CA,,,,fortsevern,ON,false,false,,America/Toronto
Fort Severn First Nation,Ontario,CA,,,,fortsevernfirstnation,ON,false,false,,America/Toronto
Fort Simpson,Northwest Territories,CA,,,,fortsimpson,NT,false,false,,America/Yellowknife
Fort Smith,Northwest Territories,CA,,,,fortsmith,NT,false,false,,America/Yellowknife
Fort St. James,British Columbia,CA,,,,fortstjames,BC,false,false,,America/Vancouver
Fort St. John,British Columbia,CA,,,,fortstjohn,BC,false,false,,America/Vancouver
Fort Vermilion,Alberta,CA,,,,fortvermilion,AB,false,false,,America/Edmonton
Fort William First Nation,Ontario,CA,,,,fortwilliamfirstnation,ON,false,false,,America/Toronto
Fort-Coulonge,Quebec,CA,,,,fortcoulonge,QC,false,false,,America/Montreal
Forteau,Newfoundland,CA,,,,forteau,NL,false,false,,America/St_Johns
Fortierville,Quebec,CA,,,,fortierville,QC,false,false,,America/Montreal
Fortune,Newfoundland,CA,,,,fortune,NL,false,false,,America/St_Johns
Fossambault-sur-le-Lac,Quebec,CA,,,,fossambaultsurlelac,QC,false,false,,America/Montreal
Fox Cove-Mortier,Newfoundland,CA,,,,foxcovemortier,NL,false,false,,America/St_Johns
Fox Creek,Alberta,CA,,,,foxcreek,AB,false,false,,America/Edmonton
Fox Lake,Alberta,CA,,,,foxlake,AB,false,false,,America/Edmonton
Fox Valley,Saskatchewan,CA,,,,foxvalley,SK,false,false,,America/Regina
Foxboro,Ontario,CA,,,,foxboro,ON,false,false,,America/Toronto
Foxwarren,Manitoba,CA,,,,foxwarren,MB,false,false,,America/Winnipeg
Foymount,Ontario,CA,,,,foymount,ON,false,false,,America/Toronto
Frampton,Quebec,CA,,,,frampton,QC,false,false,,America/Montreal
Francis,Saskatchewan,CA,,,,francis,SK,false,false,,America/Regina
Frankford,Ontario,CA,,,,frankford,ON,false,false,,America/Toronto
Franklin Centre,Quebec,CA,,,,franklincentre,QC,false,false,,America/Montreal
Fraser Lake,British Columbia,CA,,,,fraserlake,BC,false,false,,America/Vancouver
Fredericton,New Brunswick,CA,,,,fredericton,NB,true,false,,America/Moncton
Fredericton Junction,New Brunswick,CA,,,,frederictonjunction,NB,false,false,,America/Moncton
Freelton,Ontario,CA,,,,freelton,ON,false,false,,America/Toronto
Freeport,Nova Scotia,CA,,,,freeport,NS,false,false,,America/Halifax
Frelighsburg,Quebec,CA,,,,frelighsburg,QC,false,false,,America/Montreal
French River First Nation,Ontario,CA,,,,frenchriverfirstnation,ON,false,false,,America/Toronto
French Village,Nova Scotia,CA,,,,frenchvillage,NS,false,false,,America/Halifax
Frenchmans Island,Newfoundland,CA,,,,frenchmansisland,NL,false,false,,America/St_Johns
Freshwater,Newfoundland,CA,,,,freshwater,NL,false,false,,America/St_Johns
Frobisher,Saskatchewan,CA,,,,frobisher,SK,false,false,,America/Regina
Frontier,Saskatchewan,CA,,,,frontier,SK,false,false,,America/Regina
Fruitvale,British Columbia,CA,,,,fruitvale,BC,false,false,,America/Vancouver
Fugereville,Quebec,CA,,,,fugereville,QC,false,false,,America/Montreal
Gabarus,Nova Scotia,CA,,,,gabarus,NS,false,false,,America/Halifax
Gabriola,British Columbia,CA,,,,gabriola,BC,false,false,,America/Vancouver
Gadsby,Alberta,CA,,,,gadsby,AB,false,false,,America/Edmonton
Gagetown,New Brunswick,CA,,,,gagetown,NB,false,false,,America/Moncton
Gainsborough,Saskatchewan,CA,,,,gainsborough,SK,false,false,,America/Regina
Galahad,Alberta,CA,,,,galahad,AB,false,false,,America/Edmonton
Galiano Island,British Columbia,CA,,,,galianoisland,BC,false,false,,America/Vancouver
Galt,Ontario,CA,,,,galt,ON,false,false,,America/Toronto
Gambo,Newfoundland,CA,,,,gambo,NL,false,false,,America/St_Johns
Gananoque,Ontario,CA,,,,gananoque,ON,false,false,,America/Toronto
Gander,Newfoundland,CA,,,,gander,NL,false,false,,America/St_Johns
Ganges,British Columbia,CA,,,,ganges,BC,false,false,,America/Vancouver
Garden Hill,Ontario,CA,,,,gardenhill,ON,false,false,,America/Toronto
Garden River First Nation,Ontario,CA,,,,gardenriverfirstnation,ON,false,false,,America/Toronto
Garnish,Newfoundland,CA,,,,garnish,NL,false,false,,America/St_Johns
Garson,Ontario,CA,,,,garson,ON,false,false,,America/Toronto
Gaspe,Quebec,CA,,,,gaspe,QC,false,false,,America/Montreal
Gatineau,Quebec,CA,,,,gatineau,QC,false,false,,America/Montreal
Gaultois,Newfoundland,CA,,,,gaultois,NL,false,false,,America/St_Johns
Gentilly,Quebec,CA,,,,gentilly,QC,false,false,,America/Montreal
Georgetown,Ontario,CA,,,,georgetown,ON,false,false,,America/Toronto
Georgetown,Prince Edward Island,CA,,,,georgetown,PE,false,false,,America/Halifax
Georgina,Ontario,CA,,,,georgina,ON,false,false,,America/Toronto
Geraldton,Ontario,CA,,,,geraldton,ON,false,false,,America/Toronto
Gibbons,Alberta,CA,,,,gibbons,AB,false,false,,America/Edmonton
Gibsons,British Columbia,CA,,,,gibsons,BC,false,false,,America/Vancouver
Gift Lake,Alberta,CA,,,,giftlake,AB,false,false,,America/Edmonton
Gilbert Plains,Manitoba,CA,,,,gilbertplains,MB,false,false,,America/Winnipeg
Gillam,Manitoba,CA,,,,gillam,MB,false,false,,America/Winnipeg
Gilmour,Ontario,CA,,,,gilmour,ON,false,false,,America/Toronto
Gimli,Manitoba,CA,,,,gimli,MB,false,false,,America/Winnipeg
Girardville,Quebec,CA,,,,girardville,QC,false,false,,America/Montreal
Girouxville,Alberta,CA,,,,girouxville,AB,false,false,,America/Edmonton
Giscome,British Columbia,CA,,,,giscome,BC,false,false,,America/Vancouver
Gjoa Haven,Nunavut,CA,,,,gjoahaven,NU,false,false,,America/Iqaluit
Glace Bay,Nova Scotia,CA,,,,glacebay,NS,false,false,,America/Halifax
Gladstone,Manitoba,CA,,,,gladstone,MB,false,false,,America/Winnipeg
Glaslyn,Saskatchewan,CA,,,,glaslyn,SK,false,false,,America/Regina
Glassville,New Brunswick,CA,,,,glassville,NB,false,false,,America/Moncton
Gleichen,Alberta,CA,,,,gleichen,AB,false,false,,America/Edmonton
Glen Ewen,Saskatchewan,CA,,,,glenewen,SK,false,false,,America/Regina
Glen Robertson,Ontario,CA,,,,glenrobertson,ON,false,false,,America/Toronto
Glen Water,Ontario,CA,,,,glenwater,ON,false,false,,America/Toronto
Glen Williams,Ontario,CA,,,,glenwilliams,ON,false,false,,America/Toronto
Glenavon,Saskatchewan,CA,,,,glenavon,SK,false,false,,America/Regina
Glenboro,Manitoba,CA,,,,glenboro,MB,false,false,,America/Winnipeg
Glencoe,Ontario,CA,,,,glencoe,ON,false,false,,America/Toronto
Glendon,Alberta,CA,,,,glendon,AB,false,false,,America/Edmonton
Glenella,Manitoba,CA,,,,glenella,MB,false,false,,America/Winnipeg
Glenwood,Alberta,CA,,,,glenwood,AB,false,false,,America/Edmonton
Glenwood,Newfoundland,CA,,,,glenwood,NL,false,false,,America/St_Johns
Gloucester,Ontario,CA,,,,gloucester,ON,false,false,,America/Toronto
Glovertown,Newfoundland,CA,,,,glovertown,NL,false,false,,America/St_Johns
Godbout,Quebec,CA,,,,godbout,QC,false,false,,America/Montreal
Goderich,Ontario,CA,,,,goderich,ON,false,false,,America/Toronto
Gods Lake Narrows,Manitoba,CA,,,,godslakenarrows,MB,false,false,,America/Winnipeg
Gogama,Ontario,CA,,,,gogama,ON,false,false,,America/Toronto
Gold Bridge,British Columbia,CA,,,,goldbridge,BC,false,false,,America/Vancouver
Gold River,British Columbia,CA,,,,goldriver,BC,false,false,,America/Vancouver
Goldboro,Nova Scotia,CA,,,,goldboro,NS,false,false,,America/Halifax
Golden,British Columbia,CA,,,,golden,BC,false,false,,America/Vancouver
Golden Lake,Ontario,CA,,,,goldenlake,ON,false,false,,America/Toronto
Good Hope Lake,British Columbia,CA,,,,goodhopelake,BC,false,false,,America/Vancouver
Gooderham,Ontario,CA,,,,gooderham,ON,false,false,,America/Toronto
Goodeve,Saskatchewan,CA,,,,goodeve,SK,false,false,,America/Regina
Goodsoil,Saskatchewan,CA,,,,goodsoil,SK,false,false,,America/Regina
Goose Bay,Newfoundland,CA,,,,goosebay,NL,false,false,,America/St_Johns
Gore Bay,Ontario,CA,,,,gorebay,ON,false,false,,America/Toronto
Gormley,Ontario,CA,,,,gormley,ON,false,false,,America/Toronto
Gorrie,Ontario,CA,,,,gorrie,ON,false,false,,America/Toronto
Goshen,Nova Scotia,CA,,,,goshen,NS,false,false,,America/Halifax
Goulais River,Ontario,CA,,,,goulaisriver,ON,false,false,,America/Toronto
Govan,Saskatchewan,CA,,,,govan,SK,false,false,,America/Regina
Gowganda,Ontario,CA,,,,gowganda,ON,false,false,,America/Toronto
Gracefield,Quebec,CA,,,,gracefield,QC,false,false,,America/Montreal
Grafton,Ontario,CA,,,,grafton,ON,false,false,,America/Toronto
Granby,Quebec,CA,,,,granby,QC,false,false,,America/Montreal
Grand Bank,Newfoundland,CA,,,,grandbank,NL,false,false,,America/St_Johns
Grand Bay,New Brunswick,CA,,,,grandbay,NB,false,false,,America/Moncton
Grand Beach,Manitoba,CA,,,,grandbeach,MB,false,false,,America/Winnipeg
Grand Bend,Ontario,CA,,,,grandbend,ON,false,false,,America/Toronto
Grand Centre,Alberta,CA,,,,grandcentre,AB,false,false,,America/Edmonton
Grand Etang,Nova Scotia,CA,,,,grandetang,NS,false,false,,America/Halifax
Grand Falls,New Brunswick,CA,,,,grandfalls,NB,false,false,,America/Moncton
Grand Falls,Newfoundland,CA,,,,grandfalls,NL,false,false,,America/St_Johns
Grand Falls-Windsor,Newfoundland,CA,,,,grandfallswindsor,NL,false,false,,America/St_Johns
Grand Forks,British Columbia,CA,,,,grandforks,BC,false,false,,America/Vancouver
Grand Lake,Nova Scotia,CA,,,,grandlake,NS,false,false,,America/Halifax
Grand Manan,New Brunswick,CA,,,,grandmanan,NB,false,false,,America/Moncton
Grand Narrows,Nova Scotia,CA,,,,grandnarrows,NS,false,false,,America/Halifax
Grand Rapids,Manitoba,CA,,,,grandrapids,MB,false,false,,America/Winnipeg
Grand Valley,Ontario,CA,,,,grandvalley,ON,false,false,,America/Toronto
Grand-Mere,Quebec,CA,,,,grandmere,QC,false,false,,America/Montreal
Grand-Remous,Quebec,CA,,,,grandremous,QC,false,false,,America/Montreal
Grand-Sault,New Brunswick,CA,,,,grandsault,NB,false,false,,America/Moncton
Grande Cache,Alberta,CA,,,,grandecache,AB,false,false,,America/Edmonton
Grande Prairie,Alberta,CA,,,,grandeprairie,AB,false,false,,America/Edmonton
Grande-Anse,New Brunswick,CA,,,,grandeanse,NB,false,false,,America/Moncton
Grande-Entree,Quebec,CA,,,,grandeentree,QC,false,false,,America/Montreal
Grande-Riviere,Quebec,CA,,,,granderiviere,QC,false,false,,America/Montreal
Grande-Vallee,Quebec,CA,,,,grandevallee,QC,false,false,,America/Montreal
Grandes-Bergeronnes,Quebec,CA,,,,grandesbergeronnes,QC,false,false,,America/Montreal
Grandes-Piles,Quebec,CA,,,,grandespiles,QC,false,false,,America/Montreal
Grandview,Manitoba,CA,,,,grandview,MB,false,false,,America/Winnipeg
Granisle,British Columbia,CA,,,,granisle,BC,false,false,,America/Vancouver
Granton,Ontario,CA,,,,granton,ON,false,false,,America/Toronto
Granum,Alberta,CA,,,,granum,AB,false,false,,America/Edmonton
Grasmere,British Columbia,CA,,,,grasmere,BC,false,false,,America/Vancouver
Grassland,Alberta,CA,,,,grassland,AB,false,false,,America/Edmonton
Grassy Lake,Alberta,CA,,,,grassylake,AB,false,false,,America/Edmonton
Grassy Narrows,Ontario,CA,,,,grassynarrows,ON,false,false,,America/Toronto
Grassy Narrows First Nation,Ontario,CA,,,,grassynarrowsfirstnation,ON,false,false,,America/Toronto
Grassy Plains,British Columbia,CA,,,,grassyplains,BC,false,false,,America/Vancouver
Gravelbourg,Saskatchewan,CA,,,,gravelbourg,SK,false,false,,America/Regina
Gravenhurst,Ontario,CA,,,,gravenhurst,ON,false,false,,America/Toronto
Grayson,Saskatchewan,CA,,,,grayson,SK,false,false,,America/Regina
Great Harbour Deep,Newfoundland,CA,,,,greatharbourdeep,NL,false,false,,America/St_Johns
Great Village,Nova Scotia,CA,,,,greatvillage,NS,false,false,,America/Halifax
Green Island Cove,Newfoundland,CA,,,,greenislandcove,NL,false,false,,America/St_Johns
Green Lake,Saskatchewan,CA,,,,greenlake,SK,false,false,,America/Regina
Greenfield Park,Quebec,CA,,,,greenfieldpark,QC,false,false,,America/Montreal
Greenspond,Newfoundland,CA,,,,greenspond,NL,false,false,,America/St_Johns
Greensville,Ontario,CA,,,,greensville,ON,false,false,,America/Toronto
Greenville,British Columbia,CA,,,,greenville,BC,false,false,,America/Vancouver
Greenwood,British Columbia,CA,,,,greenwood,BC,false,false,,America/Vancouver
Greenwood,Nova Scotia,CA,,,,greenwood,NS,false,false,,America/Halifax
Grenfell,Saskatchewan,CA,,,,grenfell,SK,false,false,,America/Regina
Grenville,Quebec,CA,,,,grenville,QC,false,false,,America/Montreal
Gretna,Manitoba,CA,,,,gretna,MB,false,false,,America/Winnipeg
Grimsby,Ontario,CA,,,,grimsby,ON,false,false,,America/Toronto
Grimshaw,Alberta,CA,,,,grimshaw,AB,false,false,,America/Edmonton
Grouard,Alberta,CA,,,,grouard,AB,false,false,,America/Edmonton
Guelph,Ontario,CA,,,,guelph,ON,false,true,,America/Toronto
Guigues,Quebec,CA,,,,guigues,QC,false,false,,America/Montreal
Gull Bay,Ontario,CA,,,,gullbay,ON,false,false,,America/Toronto
Gull Bay First Nation,Ontario,CA,,,,gullbayfirstnation,ON,false,false,,America/Toronto
Gull Lake,Saskatchewan,CA,,,,gulllake,SK,false,false,,America/Regina
Guysborough,Nova Scotia,CA,,,,guysborough,NS,false,false,,America/Halifax
Gypsumville,Manitoba,CA,,,,gypsumville,MB,false,false,,America/Winnipeg
Hadashville,Manitoba,CA,,,,hadashville,MB,false,false,,America/Winnipeg
Hafford,Saskatchewan,CA,,,,hafford,SK,false,false,,America/Regina
Hagersville,Ontario,CA,,,,hagersville,ON,false,false,,America/Toronto
Hague,Saskatchewan,CA,,,,hague,SK,false,false,,America/Regina
Haileybury,Ontario,CA,,,,haileybury,ON,false,false,,America/Toronto
Haines Junction,Yukon,CA,,,,hainesjunction,YT,false,false,,America/Whitehorse
Hairy Hill,Alberta,CA,,,,hairyhill,AB,false,false,,America/Edmonton
Haldimand,Ontario,CA,,,,haldimand,ON,false,false,,America/Toronto
Haliburton,Ontario,CA,,,,haliburton,ON,false,false,,America/Toronto
Halifax,Nova Scotia,CA,,,,halifax,NS,true,true,,America/Halifax
Halkirk,Alberta,CA,,,,halkirk,AB,false,false,,America/Edmonton
Halton Hills,Ontario,CA,,,,haltonhills,ON,false,false,,America/Toronto
Ham-Nord,Quebec,CA,,,,hamnord,QC,false,false,,America/Montreal
Hamilton,Ontario,CA,,,,hamilton,ON,false,true,,America/Toronto
Hamiota,Manitoba,CA,,,,hamiota,MB,false,false,,America/Winnipeg
Hammond,Quebec,CA,,,,hammond,QC,false,false,,America/Montreal
Hampden,Newfoundland,CA,,,,hampden,NL,false,false,,America/St_Johns
Hampstead,New Brunswick,CA,,,,hampstead,NB,false,false,,America/Moncton
Hampstead,Quebec,CA,,,,hampstead,QC,false,false,,America/Montreal
Hampton,New Brunswick,CA,,,,hampton,NB,false,false,,America/Moncton
Hampton,Ontario,CA,,,,hampton,ON,false,false,,America/Toronto
Hanley,Saskatchewan,CA,,,,hanley,SK,false,false,,America/Regina
Hanmer,Ontario,CA,,,,hanmer,ON,false,false,,America/Toronto
Hanna,Alberta,CA,,,,hanna,AB,false,false,,America/Edmonton
Hanover,Ontario,CA,,,,hanover,ON,false,false,,America/Toronto
Hantsport,Nova Scotia,CA,,,,hantsport,NS,false,false,,America/Halifax
Hant`s Harbour,Newfoundland,CA,,,,hantsharbour,NL,false,false,,America/St_Johns
Happy Valley-Goose Bay,Newfoundland,CA,,,,happyvalleygoosebay,NL,false,false,,America/St_Johns
Harbour Breton,Newfoundland,CA,,,,harbourbreton,NL,false,false,,America/St_Johns
Harbour Grace,Newfoundland,CA,,,,harbourgrace,NL,false,false,,America/St_Johns
Harbour Main-Chapel Cove-Lakev,Newfoundland,CA,,,,harbourmainchapelcovelakev,NL,false,false,,America/St_Johns
Hardisty,Alberta,CA,,,,hardisty,AB,false,false,,America/Edmonton
Hare Bay,Newfoundland,CA,,,,harebay,NL,false,false,,America/St_Johns
Harewood,New Brunswick,CA,,,,harewood,NB,false,false,,America/Moncton
Harrietsville,Ontario,CA,,,,harrietsville,ON,false,false,,America/Toronto
Harrington Harbour,Quebec,CA,,,,harringtonharbour,QC,false,false,,America/Montreal
Harris,Saskatchewan,CA,,,,harris,SK,false,false,,America/Regina
Harriston,Ontario,CA,,,,harriston,ON,false,false,,America/Toronto
Harrow,Ontario,CA,,,,harrow,ON,false,false,,America/Toronto
Harrowsmith,Ontario,CA,,,,harrowsmith,ON,false,false,,America/Toronto
Hartland,New Brunswick,CA,,,,hartland,NB,false,false,,America/Moncton
Hartley Bay,British Columbia,CA,,,,hartleybay,BC,false,false,,America/Vancouver
Hartney,Manitoba,CA,,,,hartney,MB,false,false,,America/Winnipeg
Hastings,Ontario,CA,,,,hastings,ON,false,false,,America/Toronto
Havelock,New Brunswick,CA,,,,havelock,NB,false,false,,America/Moncton
Havelock,Ontario,CA,,,,havelock,ON,false,false,,America/Toronto
Havre-Aubert,Quebec,CA,,,,havreaubert,QC,false,false,,America/Montreal
Havre-aux-Maisons,Quebec,CA,,,,havreauxmaisons,QC,false,false,,America/Montreal
Havre-St-Pierre,Quebec,CA,,,,havrestpierre,QC,false,false,,America/Montreal
Hawarden,Saskatchewan,CA,,,,hawarden,SK,false,false,,America/Regina
Hawk Junction,Ontario,CA,,,,hawkjunction,ON,false,false,,America/Toronto
Hawkesbury,Ontario,CA,,,,hawkesbury,ON,false,false,,America/Toronto
Hawke`s Bay,Newfoundland,CA,,,,hawkesbay,NL,false,false,,America/St_Johns
Hay Lakes,Alberta,CA,,,,haylakes,AB,false,false,,America/Edmonton
Hay River,Northwest Territories,CA,,,,hayriver,NT,false,false,,America/Yellowknife
Hays,Alberta,CA,,,,hays,AB,false,false,,America/Edmonton
Hazelton,British Columbia,CA,,,,hazelton,BC,false,false,,America/Vancouver
Hazlet,Saskatchewan,CA,,,,hazlet,SK,false,false,,America/Regina
Hearst,Ontario,CA,,,,hearst,ON,false,false,,America/Toronto
Heart`s Content,Newfoundland,CA,,,,heartscontent,NL,false,false,,America/St_Johns
Heart`s Delight-Islington,Newfoundland,CA,,,,heartsdelightislington,NL,false,false,,America/St_Johns
Heart`s Desire,Newfoundland,CA,,,,heartsdesire,NL,false,false,,America/St_Johns
Heatherton,Nova Scotia,CA,,,,heatherton,NS,false,false,,America/Halifax
Hebertville,Quebec,CA,,,,hebertville,QC,false,false,,America/Montreal
Hebertville-Station,Quebec,CA,,,,hebertvillestation,QC,false,false,,America/Montreal
Hecla,Manitoba,CA,,,,hecla,MB,false,false,,America/Winnipeg
Hedley,British Columbia,CA,,,,hedley,BC,false,false,,America/Vancouver
Heinsburg,Alberta,CA,,,,heinsburg,AB,false,false,,America/Edmonton
Heisler,Alberta,CA,,,,heisler,AB,false,false,,America/Edmonton
Hemlo,Ontario,CA,,,,hemlo,ON,false,false,,America/Toronto
Hemlock Valley,British Columbia,CA,,,,hemlockvalley,BC,false,false,,America/Vancouver
Hemmingford,Quebec,CA,,,,hemmingford,QC,false,false,,America/Montreal
Hendrix Lake,British Columbia,CA,,,,hendrixlake,BC,false,false,,America/Vancouver
Henryville,Quebec,CA,,,,henryville,QC,false,false,,America/Montreal
Hensall,Ontario,CA,,,,hensall,ON,false,false,,America/Toronto
Henvey Inlet First Nation,Ontario,CA,,,,henveyinletfirstnation,ON,false,false,,America/Toronto
Hepburn,Saskatchewan,CA,,,,hepburn,SK,false,false,,America/Regina
Hepworth,Ontario,CA,,,,hepworth,ON,false,false,,America/Toronto
Herbert,Saskatchewan,CA,,,,herbert,SK,false,false,,America/Regina
Herschel,Saskatchewan,CA,,,,herschel,SK,false,false,,America/Regina
Hespeler,Ontario,CA,,,,hespeler,ON,false,false,,America/Toronto
Hickman`s Harbour,Newfoundland,CA,,,,hickmansharbour,NL,false,false,,America/St_Johns
Hickson,Ontario,CA,,,,hickson,ON,false,false,,America/Toronto
High Level,Alberta,CA,,,,highlevel,AB,false,false,,America/Edmonton
High Prairie,Alberta,CA,,,,highprairie,AB,false,false,,America/Edmonton
High River,Alberta,CA,,,,highriver,AB,false,false,,America/Edmonton
Highgate,Ontario,CA,,,,highgate,ON,false,false,,America/Toronto
Hilda,Alberta,CA,,,,hilda,AB,false,false,,America/Edmonton
Hillgrade,Newfoundland,CA,,,,hillgrade,NL,false,false,,America/St_Johns
Hillsborough,New Brunswick,CA,,,,hillsborough,NB,false,false,,America/Moncton
Hillsburgh,Ontario,CA,,,,hillsburgh,ON,false,false,,America/Toronto
Hillview,Newfoundland,CA,,,,hillview,NL,false,false,,America/St_Johns
Hines Creek,Alberta,CA,,,,hinescreek,AB,false,false,,America/Edmonton
Hinton,Alberta,CA,,,,hinton,AB,false,false,,America/Edmonton
Hixon,British Columbia,CA,,,,hixon,BC,false,false,,America/Vancouver
Hobbema,Alberta,CA,,,,hobbema,AB,false,false,,America/Edmonton
Hodgeville,Saskatchewan,CA,,,,hodgeville,SK,false,false,,America/Regina
Holberg,British Columbia,CA,,,,holberg,BC,false,false,,America/Vancouver
Holden,Alberta,CA,,,,holden,AB,false,false,,America/Edmonton
Holdfast,Saskatchewan,CA,,,,holdfast,SK,false,false,,America/Regina
Holland,Manitoba,CA,,,,holland,MB,false,false,,America/Winnipeg
Holland Landing,Ontario,CA,,,,hollandlanding,ON,false,false,,America/Toronto
Holstein,Ontario,CA,,,,holstein,ON,false,false,,America/Toronto
Holyrood,Newfoundland,CA,,,,holyrood,NL,false,false,,America/St_Johns
Honey Harbour,Ontario,CA,,,,honeyharbour,ON,false,false,,America/Toronto
Hope,British Columbia,CA,,,,hope,BC,false,false,,America/Vancouver
Hopedale,Newfoundland,CA,,,,hopedale,NL,false,false,,America/St_Johns
Hopewell,Nova Scotia,CA,,,,hopewell,NS,false,false,,America/Halifax
Hornepayne,Ontario,CA,,,,hornepayne,ON,false,false,,America/Toronto
Horsefly,British Columbia,CA,,,,horsefly,BC,false,false,,America/Vancouver
Houston,British Columbia,CA,,,,houston,BC,false,false,,America/Vancouver
Howick,Quebec,CA,,,,howick,QC,false,false,,America/Montreal
Howley,Newfoundland,CA,,,,howley,NL,false,false,,America/St_Johns
Hoyt,New Brunswick,CA,,,,hoyt,NB,false,false,,America/Moncton
Hubbards,Nova Scotia,CA,,,,hubbards,NS,false,false,,America/Halifax
Hudson,Ontario,CA,,,,hudson,ON,false,false,,America/Toronto
Hudson,Quebec,CA,,,,hudson,QC,false,false,,America/Montreal
Hudson Bay,Saskatchewan,CA,,,,hudsonbay,SK,false,false,,America/Regina
Hudson`s Hope,British Columbia,CA,,,,hudsonshope,BC,false,false,,America/Vancouver
Hughenden,Alberta,CA,,,,hughenden,AB,false,false,,America/Edmonton
Hull,Quebec,CA,,,,hull,QC,false,false,,America/Montreal
Humber Arm South,Newfoundland,CA,,,,humberarmsouth,NL,false,false,,America/St_Johns
Humboldt,Saskatchewan,CA,,,,humboldt,SK,false,false,,America/Regina
Humphrey,Ontario,CA,,,,humphrey,ON,false,false,,America/Toronto
Hunter River,Prince Edward Island,CA,,,,hunterriver,PE,false,false,,America/Halifax
Huntingdon,Quebec,CA,,,,huntingdon,QC,false,false,,America/Montreal
Huntsville,Ontario,CA,,,,huntsville,ON,false,false,,America/Toronto
Hussar,Alberta,CA,,,,hussar,AB,false,false,,America/Edmonton
Hythe,Alberta,CA,,,,hythe,AB,false,false,,America/Edmonton
Iberville,Quebec,CA,,,,iberville,QC,false,false,,America/Montreal
Ignace,Ontario,CA,,,,ignace,ON,false,false,,America/Toronto
Ilderton,Ontario,CA,,,,ilderton,ON,false,false,,America/Toronto
Ile-a-la-Crosse,Saskatchewan,CA,,,,ilealacrosse,SK,false,false,,America/Regina
Ile-aux-Coudres,Quebec,CA,,,,ileauxcoudres,QC,false,false,,America/Montreal
Iles-de-la-Madeleine,Quebec,CA,,,,ilesdelamadeleine,QC,false,false,,America/Montreal
Ilford,Manitoba,CA,,,,ilford,MB,false,false,,America/Winnipeg
Imperial,Saskatchewan,CA,,,,imperial,SK,false,false,,America/Regina
Indian Head,Saskatchewan,CA,,,,indianhead,SK,false,false,,America/Regina
Indian Tickle,Newfoundland,CA,,,,indiantickle,NL,false,false,,America/St_Johns
Ingersoll,Ontario,CA,,,,ingersoll,ON,false,false,,America/Toronto
Ingleside,Ontario,CA,,,,ingleside,ON,false,false,,America/Toronto
Ingonish,Nova Scotia,CA,,,,ingonish,NS,false,false,,America/Halifax
Innerkip,Ontario,CA,,,,innerkip,ON,false,false,,America/Toronto
Innisfail,Alberta,CA,,,,innisfail,AB,false,false,,America/Edmonton
Innisfil,Ontario,CA,,,,innisfil,ON,false,false,,America/Toronto
Innisfree,Alberta,CA,,,,innisfree,AB,false,false,,America/Edmonton
Inukjuak,Quebec,CA,,,,inukjuak,QC,false,false,,America/Montreal
Inuvik,Northwest Territories,CA,,,,inuvik,NT,false,false,,America/Yellowknife
Inverary,Ontario,CA,,,,inverary,ON,false,false,,America/Toronto
Invermay,Saskatchewan,CA,,,,invermay,SK,false,false,,America/Regina
Invermere,British Columbia,CA,,,,invermere,BC,false,false,,America/Vancouver
Inverness,Nova Scotia,CA,,,,inverness,NS,false,false,,America/Halifax
Inverness,Quebec,CA,,,,inverness,QC,false,false,,America/Montreal
Inwood,Manitoba,CA,,,,inwood,MB,false,false,,America/Winnipeg
Inwood,Ontario,CA,,,,inwood,ON,false,false,,America/Toronto
Iqaluit,Nunavut,CA,,,,iqaluit,NU,true,false,,America/Iqaluit
Irma,Alberta,CA,,,,irma,AB,false,false,,America/Edmonton
Iron Bridge,Ontario,CA,,,,ironbridge,ON,false,false,,America/Toronto
Iron Springs,Alberta,CA,,,,ironsprings,AB,false,false,,America/Edmonton
Iroquois,Ontario,CA,,,,iroquois,ON,false,false,,America/Toronto
Iroquois Falls,Ontario,CA,,,,iroquoisfalls,ON,false,false,,America/Toronto
Irricana,Alberta,CA,,,,irricana,AB,false,false,,America/Edmonton
Irvine,Alberta,CA,,,,irvine,AB,false,false,,America/Edmonton
Iskut,British Columbia,CA,,,,iskut,BC,false,false,,America/Vancouver
Island Harbour,Newfoundland,CA,,,,islandharbour,NL,false,false,,America/St_Johns
Island Lake,Manitoba,CA,,,,islandlake,MB,false,false,,America/Winnipeg
Islay,Alberta,CA,,,,islay,AB,false,false,,America/Edmonton
Isle aux Morts,Newfoundland,CA,,,,isleauxmorts,NL,false,false,,America/St_Johns
Ituna,Saskatchewan,CA,,,,ituna,SK,false,false,,America/Regina
Jackson`s Arm,Newfoundland,CA,,,,jacksonsarm,NL,false,false,,America/St_Johns
Jacquet River,New Brunswick,CA,,,,jacquetriver,NB,false,false,,America/Moncton
Jaffray,British Columbia,CA,,,,jaffray,BC,false,false,,America/Vancouver
Jaffray Melick,Ontario,CA,,,,jaffraymelick,ON,false,false,,America/Toronto
Jamestown,Newfoundland,CA,,,,jamestown,NL,false,false,,America/St_Johns
Jansen,Saskatchewan,CA,,,,jansen,SK,false,false,,America/Regina
Jarvie,Alberta,CA,,,,jarvie,AB,false,false,,America/Edmonton
Jarvis,Ontario,CA,,,,jarvis,ON,false,false,,America/Toronto
Jasper,Alberta,CA,,,,jasper,AB,false,false,,America/Edmonton
Jasper,Ontario,CA,,,,jasper,ON,false,false,,America/Toronto
Jean Marie River,Northwest Territories,CA,,,,jeanmarieriver,NT,false,false,,America/Yellowknife
Jellicoe,Ontario,CA,,,,jellicoe,ON,false,false,,America/Toronto
Jenner,Alberta,CA,,,,jenner,AB,false,false,,America/Edmonton
Jockvale,Ontario,CA,,,,jockvale,ON,false,false,,America/Toronto
Joe Batt`s Arm-Barr`d Islands-,Newfoundland,CA,,,,joebattsarmbarrdislands,NL,false,false,,America/St_Johns
Johnstown,Ontario,CA,,,,johnstown,ON,false,false,,America/Toronto
Joliette,Quebec,CA,,,,joliette,QC,false,false,,America/Montreal
Jonquiere,Quebec,CA,,,,jonquiere,QC,false,false,,America/Montreal
Jordan,Ontario,CA,,,,jordan,ON,false,false,,America/Toronto
Joussard,Alberta,CA,,,,joussard,AB,false,false,,America/Edmonton
Joutel,Quebec,CA,,,,joutel,QC,false,false,,America/Montreal
Kakisa,Northwest Territories,CA,,,,kakisa,NT,false,false,,America/Yellowknife
Kaministiquia,Ontario,CA,,,,kaministiquia,ON,false,false,,America/Toronto
Kamiskotia,Ontario,CA,,,,kamiskotia,ON,false,false,,America/Toronto
Kamloops,British Columbia,CA,,,,kamloops,BC,false,false,,America/Vancouver
Kamsack,Saskatchewan,CA,,,,kamsack,SK,false,false,,America/Regina
Kananaskis,Alberta,CA,,,,kananaskis,AB,false,false,,America/Edmonton
Kanata,Ontario,CA,,,,kanata,ON,false,false,,America/Toronto
Kangiqsualujjuaq,Quebec,CA,,,,kangiqsualujjuaq,QC,false,false,,America/Montreal
Kangirsuk,Quebec,CA,,,,kangirsuk,QC,false,false,,America/Montreal
Kapuskasing,Ontario,CA,,,,kapuskasing,ON,false,false,,America/Toronto
Kasabonika First Nation,Ontario,CA,,,,kasabonikafirstnation,ON,false,false,,America/Toronto
Kashechewan First Nation,Ontario,CA,,,,kashechewanfirstnation,ON,false,false,,America/Toronto
Kaslo,British Columbia,CA,,,,kaslo,BC,false,false,,America/Vancouver
Kateville,Quebec,CA,,,,kateville,QC,false,false,,America/Montreal
Kazabazua,Quebec,CA,,,,kazabazua,QC,false,false,,America/Montreal
Kearney,Ontario,CA,,,,kearney,ON,false,false,,America/Toronto
Kedgwick,New Brunswick,CA,,,,kedgwick,NB,false,false,,America/Moncton
Keene,Ontario,CA,,,,keene,ON,false,false,,America/Toronto
Keephills,Alberta,CA,,,,keephills,AB,false,false,,America/Edmonton
Keewatin,Ontario,CA,,,,keewatin,ON,false,false,,America/Toronto
Keg River,Alberta,CA,,,,kegriver,AB,false,false,,America/Edmonton
Kelliher,Saskatchewan,CA,,,,kelliher,SK,false,false,,America/Regina
Kelowna,British Columbia,CA,,,,kelowna,BC,false,true,,America/Vancouver
Kelvington,Saskatchewan,CA,,,,kelvington,SK,false,false,,America/Regina
Kelwood,Manitoba,CA,,,,kelwood,MB,false,false,,America/Winnipeg
Kemano,British Columbia,CA,,,,kemano,BC,false,false,,America/Vancouver
Kemptville,Ontario,CA,,,,kemptville,ON,false,false,,America/Toronto
Kenaston,Saskatchewan,CA,,,,kenaston,SK,false,false,,America/Regina
Kennedy,Saskatchewan,CA,,,,kennedy,SK,false,false,,America/Regina
Kennetcook,Nova Scotia,CA,,,,kennetcook,NS,false,false,,America/Halifax
Kenora,Ontario,CA,,,,kenora,ON,false,false,,America/Toronto
Kenosee,Saskatchewan,CA,,,,kenosee,SK,false,false,,America/Regina
Kensington,Prince Edward Island,CA,,,,kensington,PE,false,false,,America/Halifax
Kent Centre,Ontario,CA,,,,kentcentre,ON,false,false,,America/Toronto
Kenton,Manitoba,CA,,,,kenton,MB,false,false,,America/Winnipeg
Kentville,Nova Scotia,CA,,,,kentville,NS,false,false,,America/Halifax
Kenzieville,Nova Scotia,CA,,,,kenzieville,NS,false,false,,America/Halifax
Keremeos,British Columbia,CA,,,,keremeos,BC,false,false,,America/Vancouver
Kerrobert,Saskatchewan,CA,,,,kerrobert,SK,false,false,,America/Regina
Kerwood,Ontario,CA,,,,kerwood,ON,false,false,,America/Toronto
Keswick,New Brunswick,CA,,,,keswick,NB,false,false,,America/Moncton
Keswick,Ontario,CA,,,,keswick,ON,false,false,,America/Toronto
Ketch Harbour,Nova Scotia,CA,,,,ketchharbour,NS,false,false,,America/Halifax
Key Lake,Saskatchewan,CA,,,,keylake,SK,false,false,,America/Regina
Killaloe,Ontario,CA,,,,killaloe,ON,false,false,,America/Toronto
Killam,Alberta,CA,,,,killam,AB,false,false,,America/Edmonton
Killarney,Manitoba,CA,,,,killarney,MB,false,false,,America/Winnipeg
Killarney,Ontario,CA,,,,killarney,ON,false,false,,America/Toronto
Kimberley,British Columbia,CA,,,,kimberley,BC,false,false,,America/Vancouver
Kincaid,Saskatchewan,CA,,,,kincaid,SK,false,false,,America/Regina
Kincardine,Ontario,CA,,,,kincardine,ON,false,false,,America/Toronto
Kincolith,British Columbia,CA,,,,kincolith,BC,false,false,,America/Vancouver
Kindersley,Saskatchewan,CA,,,,kindersley,SK,false,false,,America/Regina
King City,Ontario,CA,,,,kingcity,ON,false,false,,America/Toronto
Kingfisher Lake,Ontario,CA,,,,kingfisherlake,ON,false,false,,America/Toronto
Kingfisher Lake First Nation,Ontario,CA,,,,kingfisherlakefirstnation,ON,false,false,,America/Toronto
Kingsbury,Quebec,CA,,,,kingsbury,QC,false,false,,America/Montreal
Kingsey Falls,Quebec,CA,,,,kingseyfalls,QC,false,false,,America/Montreal
Kingston,Nova Scotia,CA,,,,kingston,NS,false,true,,America/Halifax
Kingston,Ontario,CA,,,,kingston,ON,false,true,,America/Toronto
Kingsville,Ontario,CA,,,,kingsville,ON,false,false,,America/Toronto
King`s Cove,Newfoundland,CA,,,,kingscove,NL,false,false,,America/St_Johns
King`s Point,Newfoundland,CA,,,,kingspoint,NL,false,false,,America/St_Johns
Kinistino,Saskatchewan,CA,,,,kinistino,SK,false,false,,America/Regina
Kinmount,Ontario,CA,,,,kinmount,ON,false,false,,America/Toronto
Kintore,Ontario,CA,,,,kintore,ON,false,false,,America/Toronto
Kinuso,Alberta,CA,,,,kinuso,AB,false,false,,America/Edmonton
Kipling,Saskatchewan,CA,,,,kipling,SK,false,false,,America/Regina
Kippens,Newfoundland,CA,,,,kippens,NL,false,false,,America/St_Johns
Kirkfield,Ontario,CA,,,,kirkfield,ON,false,false,,America/Toronto
Kirkland,Quebec,CA,,,,kirkland,QC,false,false,,America/Montreal
Kirkland Lake,Ontario,CA,,,,kirklandlake,ON,false,false,,America/Toronto
Kirkton,Ontario,CA,,,,kirkton,ON,false,false,,America/Toronto
Kisbey,Saskatchewan,CA,,,,kisbey,SK,false,false,,America/Regina
Kitchener,Ontario,CA,,,,kitchener,ON,false,true,,America/Toronto
Kitimat,British Columbia,CA,,,,kitimat,BC,false,false,,America/Vancouver
Kitkatla,British Columbia,CA,,,,kitkatla,BC,false,false,,America/Vancouver
Kitsault,British Columbia,CA,,,,kitsault,BC,false,false,,America/Vancouver
Kitscoty,Alberta,CA,,,,kitscoty,AB,false,false,,America/Edmonton
Kitwanga,British Columbia,CA,,,,kitwanga,BC,false,false,,America/Vancouver
Kleinburg,Ontario,CA,,,,kleinburg,ON,false,false,,America/Toronto
Klemtu,British Columbia,CA,,,,klemtu,BC,false,false,,America/Vancouver
Knowlton,Quebec,CA,,,,knowlton,QC,false,false,,America/Montreal
Kugluktuk,Northwest Territories,CA,,,,kugluktuk,NT,false,false,,America/Yellowknife
Kuujjuaq,Quebec,CA,,,,kuujjuaq,QC,false,false,,America/Montreal
Kyle,Saskatchewan,CA,,,,kyle,SK,false,false,,America/Regina
Kyuquot,British Columbia,CA,,,,kyuquot,BC,false,false,,America/Vancouver
La Baie,Quebec,CA,,,,labaie,QC,false,false,,America/Montreal
La Broquerie,Manitoba,CA,,,,labroquerie,MB,false,false,,America/Winnipeg
La Corne,Quebec,CA,,,,lacorne,QC,false,false,,America/Montreal
La Crete,Alberta,CA,,,,lacrete,AB,false,false,,America/Edmonton
La Dore,Quebec,CA,,,,ladore,QC,false,false,,America/Montreal
La Grande,Quebec,CA,,,,lagrande,QC,false,false,,America/Montreal
La Guadeloupe,Quebec,CA,,,,laguadeloupe,QC,false,false,,America/Montreal
La Loche,Saskatchewan,CA,,,,laloche,SK,false,false,,America/Regina
La Malbaie,Quebec,CA,,,,lamalbaie,QC,false,false,,America/Montreal
La Martre,Quebec,CA,,,,lamartre,QC,false,false,,America/Montreal
La Minerve,Quebec,CA,,,,laminerve,QC,false,false,,America/Montreal
La Patrie,Quebec,CA,,,,lapatrie,QC,false,false,,America/Montreal
La Plaine,Quebec,CA,,,,laplaine,QC,false,false,,America/Montreal
La Pocatiere,Quebec,CA,,,,lapocatiere,QC,false,false,,America/Montreal
La Prairie,Quebec,CA,,,,laprairie,QC,false,false,,America/Montreal
La Reine,Quebec,CA,,,,lareine,QC,false,false,,America/Montreal
La Romaine,Quebec,CA,,,,laromaine,QC,false,false,,America/Montreal
La Ronge,Saskatchewan,CA,,,,laronge,SK,false,false,,America/Regina
La Sarre,Quebec,CA,,,,lasarre,QC,false,false,,America/Montreal
La Scie,Newfoundland,CA,,,,lascie,NL,false,false,,America/St_Johns
La Tuque,Quebec,CA,,,,latuque,QC,false,false,,America/Montreal
Labelle,Quebec,CA,,,,labelle,QC,false,false,,America/Montreal
Labrador City,Newfoundland,CA,,,,labradorcity,NL,false,false,,America/St_Johns
Lac Brochet,Manitoba,CA,,,,lacbrochet,MB,false,false,,America/Winnipeg
Lac du Bonnet,Manitoba,CA,,,,lacdubonnet,MB,false,false,,America/Winnipeg
Lac Kenogami,Quebec,CA,,,,lackenogami,QC,false,false,,America/Montreal
Lac La Biche,Alberta,CA,,,,laclabiche,AB,false,false,,America/Edmonton
Lac la Croix,Ontario,CA,,,,laclacroix,ON,false,false,,America/Toronto
Lac la Hache,British Columbia,CA,,,,laclahache,BC,false,false,,America/Vancouver
Lac Seul First Nation,Ontario,CA,,,,lacseulfirstnation,ON,false,false,,America/Toronto
Lac-au-Saumon,Quebec,CA,,,,lacausaumon,QC,false,false,,America/Montreal
Lac-aux-Sables,Quebec,CA,,,,lacauxsables,QC,false,false,,America/Montreal
Lac-Bouchette,Quebec,CA,,,,lacbouchette,QC,false,false,,America/Montreal
Lac-Brome,Quebec,CA,,,,lacbrome,QC,false,false,,America/Montreal
Lac-Delage,Quebec,CA,,,,lacdelage,QC,false,false,,America/Montreal
Lac-des-Ecorces,Quebec,CA,,,,lacdesecorces,QC,false,false,,America/Montreal
Lac-Drolet,Quebec,CA,,,,lacdrolet,QC,false,false,,America/Montreal
Lac-du-Cerf,Quebec,CA,,,,lacducerf,QC,false,false,,America/Montreal
Lac-Edouard,Quebec,CA,,,,lacedouard,QC,false,false,,America/Montreal
Lac-Etchemin,Quebec,CA,,,,lacetchemin,QC,false,false,,America/Montreal
Lac-Frontiere,Quebec,CA,,,,lacfrontiere,QC,false,false,,America/Montreal
Lac-Poulin,Quebec,CA,,,,lacpoulin,QC,false,false,,America/Montreal
Lac-Saguay,Quebec,CA,,,,lacsaguay,QC,false,false,,America/Montreal
Lac-Sergent,Quebec,CA,,,,lacsergent,QC,false,false,,America/Montreal
Lac-St-Joseph,Quebec,CA,,,,lacstjoseph,QC,false,false,,America/Montreal
Lachenaie,Quebec,CA,,,,lachenaie,QC,false,false,,America/Montreal
Lachine,Quebec,CA,,,,lachine,QC,false,false,,America/Montreal
Lachute,Quebec,CA,,,,lachute,QC,false,false,,America/Montreal
Lacolle,Quebec,CA,,,,lacolle,QC,false,false,,America/Montreal
Lacombe,Alberta,CA,,,,lacombe,AB,false,false,,America/Edmonton
Ladle Cove,Newfoundland,CA,,,,ladlecove,NL,false,false,,America/St_Johns
Ladysmith,British Columbia,CA,,,,ladysmith,BC,false,false,,America/Vancouver
Lafleche,Saskatchewan,CA,,,,lafleche,SK,false,false,,America/Regina
Lafontaine,Ontario,CA,,,,lafontaine,ON,false,false,,America/Toronto
Lafontaine,Quebec,CA,,,,lafontaine,QC,false,false,,America/Montreal
Lagoon City,Ontario,CA,,,,lagooncity,ON,false,false,,America/Toronto
LaHave,Nova Scotia,CA,,,,lahave,NS,false,false,,America/Halifax
Laird,Saskatchewan,CA,,,,laird,SK,false,false,,America/Regina
Lake Alma,Saskatchewan,CA,,,,lakealma,SK,false,false,,America/Regina
Lake Charlotte,Nova Scotia,CA,,,,lakecharlotte,NS,false,false,,America/Halifax
Lake Cowichan,British Columbia,CA,,,,lakecowichan,BC,false,false,,America/Vancouver
Lake Lenore,Saskatchewan,CA,,,,lakelenore,SK,false,false,,America/Regina
Lake Louise,Alberta,CA,,,,lakelouise,AB,false,false,,America/Edmonton
Lake Megantic,Quebec,CA,,,,lakemegantic,QC,false,false,,America/Montreal
Lakefield,Ontario,CA,,,,lakefield,ON,false,false,,America/Toronto
Lamaline,Newfoundland,CA,,,,lamaline,NL,false,false,,America/St_Johns
Lambeth,Ontario,CA,,,,lambeth,ON,false,false,,America/Toronto
Lambton,Quebec,CA,,,,lambton,QC,false,false,,America/Montreal
Lameque,New Brunswick,CA,,,,lameque,NB,false,false,,America/Moncton
Lamont,Alberta,CA,,,,lamont,AB,false,false,,America/Edmonton
Lampman,Saskatchewan,CA,,,,lampman,SK,false,false,,America/Regina
Lanark,Ontario,CA,,,,lanark,ON,false,false,,America/Toronto
Lancaster,Ontario,CA,,,,lancaster,ON,false,false,,America/Toronto
Landis,Saskatchewan,CA,,,,landis,SK,false,false,,America/Regina
Lang,Saskatchewan,CA,,,,lang,SK,false,false,,America/Regina
Langara,British Columbia,CA,,,,langara,BC,false,false,,America/Vancouver
Langdon,Alberta,CA,,,,langdon,AB,false,false,,America/Edmonton
Langenburg,Saskatchewan,CA,,,,langenburg,SK,false,false,,America/Regina
Langham,Saskatchewan,CA,,,,langham,SK,false,false,,America/Regina
Langley,British Columbia,CA,,,,langley,BC,false,false,,America/Vancouver
Langruth,Manitoba,CA,,,,langruth,MB,false,false,,America/Winnipeg
Langton,Ontario,CA,,,,langton,ON,false,false,,America/Toronto
Lanigan,Saskatchewan,CA,,,,lanigan,SK,false,false,,America/Regina
Lanoraie,Quebec,CA,,,,lanoraie,QC,false,false,,America/Montreal
Lansdowne,Ontario,CA,,,,lansdowne,ON,false,false,,America/Toronto
Lansdowne House,Ontario,CA,,,,lansdownehouse,ON,false,false,,America/Toronto
Lantzville,British Columbia,CA,,,,lantzville,BC,false,false,,America/Vancouver
Larder Lake,Ontario,CA,,,,larderlake,ON,false,false,,America/Toronto
Lark Harbour,Newfoundland,CA,,,,larkharbour,NL,false,false,,America/St_Johns
Larrys River,Nova Scotia,CA,,,,larrysriver,NS,false,false,,America/Halifax
LaSalle,Ontario,CA,,,,lasalle,ON,false,false,,America/Toronto
LaSalle,Quebec,CA,,,,lasalle,QC,false,false,,America/Montreal
Lashburn,Saskatchewan,CA,,,,lashburn,SK,false,false,,America/Regina
Latchford,Ontario,CA,,,,latchford,ON,false,false,,America/Toronto
Laterriere,Quebec,CA,,,,laterriere,QC,false,false,,America/Montreal
Latulipe,Quebec,CA,,,,latulipe,QC,false,false,,America/Montreal
Laurentides,Quebec,CA,,,,laurentides,QC,false,false,,America/Montreal
Laurier-Station,Quebec,CA,,,,laurierstation,QC,false,false,,America/Montreal
Laurierville,Quebec,CA,,,,laurierville,QC,false,false,,America/Montreal
Laval,Quebec,CA,,,,laval,QC,false,false,,America/Montreal
Laval des Rapides,Quebec,CA,,,,lavaldesrapides,QC,false,false,,America/Montreal
Laval Ouest,Quebec,CA,,,,lavalouest,QC,false,false,,America/Montreal
Lavaltrie,Quebec,CA,,,,lavaltrie,QC,false,false,,America/Montreal
Laverlochere,Quebec,CA,,,,laverlochere,QC,false,false,,America/Montreal
Lavoy,Alberta,CA,,,,lavoy,AB,false,false,,America/Edmonton
Lawn,Newfoundland,CA,,,,lawn,NL,false,false,,America/St_Johns
Lawrencetown,Nova Scotia,CA,,,,lawrencetown,NS,false,false,,America/Halifax
Lawrenceville,Quebec,CA,,,,lawrenceville,QC,false,false,,America/Montreal
Le Bic,Quebec,CA,,,,lebic,QC,false,false,,America/Montreal
Le Gardeur,Quebec,CA,,,,legardeur,QC,false,false,,America/Montreal
Leader,Saskatchewan,CA,,,,leader,SK,false,false,,America/Regina
Leaf Rapids,Manitoba,CA,,,,leafrapids,MB,false,false,,America/Winnipeg
Leamington,Ontario,CA,,,,leamington,ON,false,false,,America/Toronto
Leask,Saskatchewan,CA,,,,leask,SK,false,false,,America/Regina
Lebel-sur-Quevillon,Quebec,CA,,,,lebelsurquevillon,QC,false,false,,America/Montreal
Leclercville,Quebec,CA,,,,leclercville,QC,false,false,,America/Montreal
Leduc,Alberta,CA,,,,leduc,AB,false,false,,America/Edmonton
Lefroy,Ontario,CA,,,,lefroy,ON,false,false,,America/Toronto
Legal,Alberta,CA,,,,legal,AB,false,false,,America/Edmonton
Lemberg,Saskatchewan,CA,,,,lemberg,SK,false,false,,America/Regina
LeMoyne,Quebec,CA,,,,lemoyne,QC,false,false,,America/Montreal
Lennoxville,Quebec,CA,,,,lennoxville,QC,false,false,,America/Montreal
Leoville,Saskatchewan,CA,,,,leoville,SK,false,false,,America/Regina
Leroy,Saskatchewan,CA,,,,leroy,SK,false,false,,America/Regina
Lery,Quebec,CA,,,,lery,QC,false,false,,America/Montreal
Les Boules,Quebec,CA,,,,lesboules,QC,false,false,,America/Montreal
Les Cedres,Quebec,CA,,,,lescedres,QC,false,false,,America/Montreal
Les Coteaux,Quebec,CA,,,,lescoteaux,QC,false,false,,America/Montreal
Les Eboulements,Quebec,CA,,,,leseboulements,QC,false,false,,America/Montreal
Les Escoumins,Quebec,CA,,,,lesescoumins,QC,false,false,,America/Montreal
Les Mechins,Quebec,CA,,,,lesmechins,QC,false,false,,America/Montreal
Leslieville,Alberta,CA,,,,leslieville,AB,false,false,,America/Edmonton
Lestock,Saskatchewan,CA,,,,lestock,SK,false,false,,America/Regina
Lethbridge,Alberta,CA,,,,lethbridge,AB,false,false,,America/Edmonton
Levack,Ontario,CA,,,,levack,ON,false,false,,America/Toronto
Levis,Quebec,CA,,,,levis,QC,false,false,,America/Montreal
Lewisporte,Newfoundland,CA,,,,lewisporte,NL,false,false,,America/St_Johns
Libau,Manitoba,CA,,,,libau,MB,false,false,,America/Winnipeg
Liberty,Saskatchewan,CA,,,,liberty,SK,false,false,,America/Regina
Likely,British Columbia,CA,,,,likely,BC,false,false,,America/Vancouver
Lillooet,British Columbia,CA,,,,lillooet,BC,false,false,,America/Vancouver
Limerick,Saskatchewan,CA,,,,limerick,SK,false,false,,America/Regina
Lincoln,Ontario,CA,,,,lincoln,ON,false,false,,America/Toronto
Lindsay,Ontario,CA,,,,lindsay,ON,false,false,,America/Toronto
Lintlaw,Saskatchewan,CA,,,,lintlaw,SK,false,false,,America/Regina
Linwood,Ontario,CA,,,,linwood,ON,false,false,,America/Toronto
Lion`s Head,Ontario,CA,,,,lionshead,ON,false,false,,America/Toronto
Lipton,Saskatchewan,CA,,,,lipton,SK,false,false,,America/Regina
Listowel,Ontario,CA,,,,listowel,ON,false,false,,America/Toronto
Little Bay,Newfoundland,CA,,,,littlebay,NL,false,false,,America/St_Johns
Little Bay Islands,Newfoundland,CA,,,,littlebayislands,NL,false,false,,America/St_Johns
Little Britain,Ontario,CA,,,,littlebritain,ON,false,false,,America/Toronto
Little Burnt Bay,Newfoundland,CA,,,,littleburntbay,NL,false,false,,America/St_Johns
Little Catalina,Newfoundland,CA,,,,littlecatalina,NL,false,false,,America/St_Johns
Little Current,Ontario,CA,,,,littlecurrent,ON,false,false,,America/Toronto
Little Fort,British Columbia,CA,,,,littlefort,BC,false,false,,America/Vancouver
Little Grand Rapids,Manitoba,CA,,,,littlegrandrapids,MB,false,false,,America/Winnipeg
Little Heart`s Ease,Newfoundland,CA,,,,littleheartsease,NL,false,false,,America/St_Johns
Lively,Ontario,CA,,,,lively,ON,false,false,,America/Toronto
Liverpool,Nova Scotia,CA,,,,liverpool,NS,false,false,,America/Halifax
Lloydminster,Alberta,CA,,,,lloydminster,AB,false,false,,America/Edmonton
Lloydminster,Saskatchewan,CA,,,,lloydminster,SK,false,false,,America/Regina
Lockeport,Nova Scotia,CA,,,,lockeport,NS,false,false,,America/Halifax
Lockport,Manitoba,CA,,,,lockport,MB,false,false,,America/Winnipeg
Lodgepole,Alberta,CA,,,,lodgepole,AB,false,false,,America/Edmonton
Logan Lake,British Columbia,CA,,,,loganlake,BC,false,false,,America/Vancouver
Logy Bay-Middle Cove-Outer Cov,Newfoundland,CA,,,,logybaymiddlecoveoutercov,NL,false,false,,America/St_Johns
Lombardy,Ontario,CA,,,,lombardy,ON,false,false,,America/Toronto
Lomond,Alberta,CA,,,,lomond,AB,false,false,,America/Edmonton
London,Ontario,CA,,,,london,ON,false,true,,America/Toronto
Long Harbour-Mount Arlington H,Newfoundland,CA,,,,longharbourmountarlingtonh,NL,false,false,,America/St_Johns
Long Lac,Ontario,CA,,,,longlac,ON,false,false,,America/Toronto
Long Lake First Nation,Ontario,CA,,,,longlakefirstnation,ON,false,false,,America/Toronto
Long Point,Ontario,CA,,,,longpoint,ON,false,false,,America/Toronto
Long Pond,Newfoundland,CA,,,,longpond,NL,false,false,,America/St_Johns
Long Sault,Ontario,CA,,,,longsault,ON,false,false,,America/Toronto
Longlac,Ontario,CA,,,,longlac,ON,false,false,,America/Toronto
Longueuil,Quebec,CA,,,,longueuil,QC,false,false,,America/Montreal
Longview,Alberta,CA,,,,longview,AB,false,false,,America/Edmonton
Loon Lake,Saskatchewan,CA,,,,loonlake,SK,false,false,,America/Regina
Loos,British Columbia,CA,,,,loos,BC,false,false,,America/Vancouver
Loreburn,Saskatchewan,CA,,,,loreburn,SK,false,false,,America/Regina
Loretteville,Quebec,CA,,,,loretteville,QC,false,false,,America/Montreal
Lorne,Ontario,CA,,,,lorne,ON,false,false,,America/Toronto
Lorraine,Quebec,CA,,,,lorraine,QC,false,false,,America/Montreal
Lorrainville,Quebec,CA,,,,lorrainville,QC,false,false,,America/Montreal
Lougheed,Alberta,CA,,,,lougheed,AB,false,false,,America/Edmonton
Louisbourg,Nova Scotia,CA,,,,louisbourg,NS,false,false,,America/Halifax
Louisdale,Nova Scotia,CA,,,,louisdale,NS,false,false,,America/Halifax
Louiseville,Quebec,CA,,,,louiseville,QC,false,false,,America/Montreal
Lourdes,Newfoundland,CA,,,,lourdes,NL,false,false,,America/St_Johns
Lourdes de Blanc Sablon,Quebec,CA,,,,lourdesdeblancsablon,QC,false,false,,America/Montreal
Louvicourt,Quebec,CA,,,,louvicourt,QC,false,false,,America/Montreal
Low,Quebec,CA,,,,low,QC,false,false,,America/Montreal
Lower Island Cove,Newfoundland,CA,,,,lowerislandcove,NL,false,false,,America/St_Johns
Lower Post,British Columbia,CA,,,,lowerpost,BC,false,false,,America/Vancouver
Lucan,Ontario,CA,,,,lucan,ON,false,false,,America/Toronto
Luceville,Quebec,CA,,,,luceville,QC,false,false,,America/Montreal
Lucknow,Ontario,CA,,,,lucknow,ON,false,false,,America/Toronto
Lucky Lake,Saskatchewan,CA,,,,luckylake,SK,false,false,,America/Regina
Lumby,British Columbia,CA,,,,lumby,BC,false,false,,America/Vancouver
Lumsden,Newfoundland,CA,,,,lumsden,NL,false,false,,America/St_Johns
Lumsden,Saskatchewan,CA,,,,lumsden,SK,false,false,,America/Regina
Lundar,Manitoba,CA,,,,lundar,MB,false,false,,America/Winnipeg
Lunenburg,Nova Scotia,CA,,,,lunenburg,NS,false,false,,America/Halifax
Luseland,Saskatchewan,CA,,,,luseland,SK,false,false,,America/Regina
Luskville,Quebec,CA,,,,luskville,QC,false,false,,America/Montreal
Lyn,Ontario,CA,,,,lyn,ON,false,false,,America/Toronto
Lynden,Ontario,CA,,,,lynden,ON,false,false,,America/Toronto
Lynn Lake,Manitoba,CA,,,,lynnlake,MB,false,false,,America/Winnipeg
Lyster,Quebec,CA,,,,lyster,QC,false,false,,America/Montreal
Lytton,British Columbia,CA,,,,lytton,BC,false,false,,America/Vancouver
L`Acadie,Quebec,CA,,,,lacadie,QC,false,false,,America/Montreal
L`Ancienne-Lorette,Quebec,CA,,,,lanciennelorette,QC,false,false,,America/Montreal
L`Ange-Gardien,Quebec,CA,,,,langegardien,QC,false,false,,America/Montreal
L`Annonciation,Quebec,CA,,,,lannonciation,QC,false,false,,America/Montreal
L`Anse-au-Loup,Newfoundland,CA,,,,lanseauloup,NL,false,false,,America/St_Johns
L`Ardoise,Nova Scotia,CA,,,,lardoise,NS,false,false,,America/Halifax
L`Assomption,Quebec,CA,,,,lassomption,QC,false,false,,America/Montreal
L`Avenir,Quebec,CA,,,,lavenir,QC,false,false,,America/Montreal
L`Epiphanie,Quebec,CA,,,,lepiphanie,QC,false,false,,America/Montreal
L`Ile-Aux-Noix,Quebec,CA,,,,lileauxnoix,QC,false,false,,America/Montreal
L`Ile-Bizard,Quebec,CA,,,,lilebizard,QC,false,false,,America/Montreal
L`Ile-Cadieux,Quebec,CA,,,,lilecadieux,QC,false,false,,America/Montreal
L`Ile-Dorval,Quebec,CA,,,,liledorval,QC,false,false,,America/Montreal
L`Ile-d`Entree,Quebec,CA,,,,liledentree,QC,false,false,,America/Montreal
L`Ile-Perrot,Quebec,CA,,,,lileperrot,QC,false,false,,America/Montreal
L`�le-Verte,Quebec,CA,,,,lleverte,QC,false,false,,America/Montreal
L`Islet,Quebec,CA,,,,lislet,QC,false,false,,America/Montreal
L`Orignal,Ontario,CA,,,,lorignal,ON,false,false,,America/Toronto
Ma-Me-O Beach,Alberta,CA,,,,mameobeach,AB,false,false,,America/Edmonton
Maberly,Ontario,CA,,,,maberly,ON,false,false,,America/Toronto
Mabou,Nova Scotia,CA,,,,mabou,NS,false,false,,America/Halifax
Macamic,Quebec,CA,,,,macamic,QC,false,false,,America/Montreal
Maccan,Nova Scotia,CA,,,,maccan,NS,false,false,,America/Halifax
Macdiarmid,Ontario,CA,,,,macdiarmid,ON,false,false,,America/Toronto
Maces Bay,New Brunswick,CA,,,,macesbay,NB,false,false,,America/Moncton
MacGregor,Manitoba,CA,,,,macgregor,MB,false,false,,America/Winnipeg
Mackenzie,British Columbia,CA,,,,mackenzie,BC,false,false,,America/Vancouver
Macklin,Saskatchewan,CA,,,,macklin,SK,false,false,,America/Regina
Macrorie,Saskatchewan,CA,,,,macrorie,SK,false,false,,America/Regina
MacTier,Ontario,CA,,,,mactier,ON,false,false,,America/Toronto
Madoc,Ontario,CA,,,,madoc,ON,false,false,,America/Toronto
Madsen,Ontario,CA,,,,madsen,ON,false,false,,America/Toronto
Mafeking,Manitoba,CA,,,,mafeking,MB,false,false,,America/Winnipeg
Magnetawan,Ontario,CA,,,,magnetawan,ON,false,false,,America/Toronto
Magnetawan First Nation,Ontario,CA,,,,magnetawanfirstnation,ON,false,false,,America/Toronto
Magog,Quebec,CA,,,,magog,QC,false,false,,America/Montreal
Magrath,Alberta,CA,,,,magrath,AB,false,false,,America/Edmonton
Mahone Bay,Nova Scotia,CA,,,,mahonebay,NS,false,false,,America/Halifax
Maidstone,Ontario,CA,,,,maidstone,ON,false,false,,America/Toronto
Maidstone,Saskatchewan,CA,,,,maidstone,SK,false,false,,America/Regina
Main Brook,Newfoundland,CA,,,,mainbrook,NL,false,false,,America/St_Johns
Maitland,Nova Scotia,CA,,,,maitland,NS,false,false,,America/Halifax
Maitland,Ontario,CA,,,,maitland,ON,false,false,,America/Toronto
Makkovik,Newfoundland,CA,,,,makkovik,NL,false,false,,America/St_Johns
Malartic,Quebec,CA,,,,malartic,QC,false,false,,America/Montreal
Mallorytown,Ontario,CA,,,,mallorytown,ON,false,false,,America/Toronto
Malton,Ontario,CA,,,,malton,ON,false,false,,America/Toronto
Manic-Cinq,Quebec,CA,,,,maniccinq,QC,false,false,,America/Montreal
Manigotagan,Manitoba,CA,,,,manigotagan,MB,false,false,,America/Winnipeg
Manitou,Manitoba,CA,,,,manitou,MB,false,false,,America/Winnipeg
Manitouwadge,Ontario,CA,,,,manitouwadge,ON,false,false,,America/Toronto
Manitowaning,Ontario,CA,,,,manitowaning,ON,false,false,,America/Toronto
Maniwaki,Quebec,CA,,,,maniwaki,QC,false,false,,America/Montreal
Mankota,Saskatchewan,CA,,,,mankota,SK,false,false,,America/Regina
Manning,Alberta,CA,,,,manning,AB,false,false,,America/Edmonton
Mannville,Alberta,CA,,,,mannville,AB,false,false,,America/Edmonton
Manor,Saskatchewan,CA,,,,manor,SK,false,false,,America/Regina
Manotick,Ontario,CA,,,,manotick,ON,false,false,,America/Toronto
Manouane,Quebec,CA,,,,manouane,QC,false,false,,America/Montreal
Manseau,Quebec,CA,,,,manseau,QC,false,false,,America/Montreal
Mansonville,Quebec,CA,,,,mansonville,QC,false,false,,America/Montreal
Manyberries,Alberta,CA,,,,manyberries,AB,false,false,,America/Edmonton
Maple,Ontario,CA,,,,maple,ON,false,false,,America/Toronto
Maple Creek,Saskatchewan,CA,,,,maplecreek,SK,false,false,,America/Regina
Maple Grove,Quebec,CA,,,,maplegrove,QC,false,false,,America/Montreal
Maple Ridge,British Columbia,CA,,,,mapleridge,BC,false,false,,America/Vancouver
Marathon,Ontario,CA,,,,marathon,ON,false,false,,America/Toronto
Marcelin,Saskatchewan,CA,,,,marcelin,SK,false,false,,America/Regina
Margaree Forks,Nova Scotia,CA,,,,margareeforks,NS,false,false,,America/Halifax
Margo,Saskatchewan,CA,,,,margo,SK,false,false,,America/Regina
Maria,Quebec,CA,,,,maria,QC,false,false,,America/Montreal
Marieville,Quebec,CA,,,,marieville,QC,false,false,,America/Montreal
Marion Bridge,Nova Scotia,CA,,,,marionbridge,NS,false,false,,America/Halifax
Markdale,Ontario,CA,,,,markdale,ON,false,false,,America/Toronto
Markham,Ontario,CA,,,,markham,ON,false,false,,America/Toronto
Markstay,Ontario,CA,,,,markstay,ON,false,false,,America/Toronto
Marlboro,Alberta,CA,,,,marlboro,AB,false,false,,America/Edmonton
Marmora,Ontario,CA,,,,marmora,ON,false,false,,America/Toronto
Marquis,Saskatchewan,CA,,,,marquis,SK,false,false,,America/Regina
Marsden,Saskatchewan,CA,,,,marsden,SK,false,false,,America/Regina
Marsh Lake,Yukon,CA,,,,marshlake,YT,false,false,,America/Whitehorse
Marshall,Saskatchewan,CA,,,,marshall,SK,false,false,,America/Regina
Marsoui,Quebec,CA,,,,marsoui,QC,false,false,,America/Montreal
Marten Falls First Nation,Ontario,CA,,,,martenfallsfirstnation,ON,false,false,,America/Toronto
Marten River,Ontario,CA,,,,martenriver,ON,false,false,,America/Toronto
Martensville,Saskatchewan,CA,,,,martensville,SK,false,false,,America/Regina
Martintown,Ontario,CA,,,,martintown,ON,false,false,,America/Toronto
Marwayne,Alberta,CA,,,,marwayne,AB,false,false,,America/Edmonton
Maryfield,Saskatchewan,CA,,,,maryfield,SK,false,false,,America/Regina
Marystown,Newfoundland,CA,,,,marystown,NL,false,false,,America/St_Johns
Mary`s Harbour,Newfoundland,CA,,,,marysharbour,NL,false,false,,America/St_Johns
Mascouche,Quebec,CA,,,,mascouche,QC,false,false,,America/Montreal
Maskinonge,Quebec,CA,,,,maskinonge,QC,false,false,,America/Montreal
Masset,British Columbia,CA,,,,masset,BC,false,false,,America/Vancouver
Massey,Ontario,CA,,,,massey,ON,false,false,,America/Toronto
Massey Drive,Newfoundland,CA,,,,masseydrive,NL,false,false,,America/St_Johns
Masson-Angers,Quebec,CA,,,,massonangers,QC,false,false,,America/Montreal
Massueville,Quebec,CA,,,,massueville,QC,false,false,,America/Montreal
Mastigouche,Quebec,CA,,,,mastigouche,QC,false,false,,America/Montreal
Matachewan,Ontario,CA,,,,matachewan,ON,false,false,,America/Toronto
Matagami,Quebec,CA,,,,matagami,QC,false,false,,America/Montreal
Matane,Quebec,CA,,,,matane,QC,false,false,,America/Montreal
Matapedia,Quebec,CA,,,,matapedia,QC,false,false,,America/Montreal
Matheson,Ontario,CA,,,,matheson,ON,false,false,,America/Toronto
Mattawa,Ontario,CA,,,,mattawa,ON,false,false,,America/Toronto
Mattice,Ontario,CA,,,,mattice,ON,false,false,,America/Toronto
Maxville,Ontario,CA,,,,maxville,ON,false,false,,America/Toronto
Mayerthorpe,Alberta,CA,,,,mayerthorpe,AB,false,false,,America/Edmonton
Maymont,Saskatchewan,CA,,,,maymont,SK,false,false,,America/Regina
Maynooth,Ontario,CA,,,,maynooth,ON,false,false,,America/Toronto
Mayo,Yukon,CA,,,,mayo,YT,false,false,,America/Whitehorse
McAdam,New Brunswick,CA,,,,mcadam,NB,false,false,,America/Moncton
McAuley,Manitoba,CA,,,,mcauley,MB,false,false,,America/Winnipeg
McBride,British Columbia,CA,,,,mcbride,BC,false,false,,America/Vancouver
McCreary,Manitoba,CA,,,,mccreary,MB,false,false,,America/Winnipeg
McDonalds Corners,Ontario,CA,,,,mcdonaldscorners,ON,false,false,,America/Toronto
McGregor,Ontario,CA,,,,mcgregor,ON,false,false,,America/Toronto
McIver`s,Newfoundland,CA,,,,mcivers,NL,false,false,,America/St_Johns
McKellar,Ontario,CA,,,,mckellar,ON,false,false,,America/Toronto
McLeese Lake,British Columbia,CA,,,,mcleeselake,BC,false,false,,America/Vancouver
McLennan,Alberta,CA,,,,mclennan,AB,false,false,,America/Edmonton
McLeod Lake,British Columbia,CA,,,,mcleodlake,BC,false,false,,America/Vancouver
Mcmasterville,Quebec,CA,,,,mcmasterville,QC,false,false,,America/Montreal
Meacham,Saskatchewan,CA,,,,meacham,SK,false,false,,America/Regina
Meadow Lake,Saskatchewan,CA,,,,meadowlake,SK,false,false,,America/Regina
Meaford,Ontario,CA,,,,meaford,ON,false,false,,America/Toronto
Meander River,Alberta,CA,,,,meanderriver,AB,false,false,,America/Edmonton
Meath Park,Saskatchewan,CA,,,,meathpark,SK,false,false,,America/Regina
Medicine Hat,Alberta,CA,,,,medicinehat,AB,false,false,,America/Edmonton
Meductic,New Brunswick,CA,,,,meductic,NB,false,false,,America/Moncton
Melbourne,Ontario,CA,,,,melbourne,ON,false,false,,America/Toronto
Melbourne,Quebec,CA,,,,melbourne,QC,false,false,,America/Montreal
Melfort,Saskatchewan,CA,,,,melfort,SK,false,false,,America/Regina
Melita,Manitoba,CA,,,,melita,MB,false,false,,America/Winnipeg
Mellin,Quebec,CA,,,,mellin,QC,false,false,,America/Montreal
Melocheville,Quebec,CA,,,,melocheville,QC,false,false,,America/Montreal
Melrose,Nova Scotia,CA,,,,melrose,NS,false,false,,America/Halifax
Melville,Saskatchewan,CA,,,,melville,SK,false,false,,America/Regina
Memramcook,New Brunswick,CA,,,,memramcook,NB,false,false,,America/Moncton
Meota,Saskatchewan,CA,,,,meota,SK,false,false,,America/Regina
Mercier,Quebec,CA,,,,mercier,QC,false,false,,America/Montreal
Merigomish,Nova Scotia,CA,,,,merigomish,NS,false,false,,America/Halifax
Merlin,Ontario,CA,,,,merlin,ON,false,false,,America/Toronto
Merrickville,Ontario,CA,,,,merrickville,ON,false,false,,America/Toronto
Merritt,British Columbia,CA,,,,merritt,BC,false,false,,America/Vancouver
Metabetchouan,Quebec,CA,,,,metabetchouan,QC,false,false,,America/Montreal
Metcalfe,Ontario,CA,,,,metcalfe,ON,false,false,,America/Toronto
Meteghan,Nova Scotia,CA,,,,meteghan,NS,false,false,,America/Halifax
Metis-sur-Mer,Quebec,CA,,,,metissurmer,QC,false,false,,America/Montreal
Miami,Manitoba,CA,,,,miami,MB,false,false,,America/Winnipeg
Mica Creek,British Columbia,CA,,,,micacreek,BC,false,false,,America/Vancouver
Midale,Saskatchewan,CA,,,,midale,SK,false,false,,America/Regina
Middle Lake,Saskatchewan,CA,,,,middlelake,SK,false,false,,America/Regina
Middleton,Nova Scotia,CA,,,,middleton,NS,false,false,,America/Halifax
Midland,Ontario,CA,,,,midland,ON,false,false,,America/Toronto
Midway,British Columbia,CA,,,,midway,BC,false,false,,America/Vancouver
Milden,Saskatchewan,CA,,,,milden,SK,false,false,,America/Regina
Mildmay,Ontario,CA,,,,mildmay,ON,false,false,,America/Toronto
Milestone,Saskatchewan,CA,,,,milestone,SK,false,false,,America/Regina
Milford Bay,Ontario,CA,,,,milfordbay,ON,false,false,,America/Toronto
Milk River,Alberta,CA,,,,milkriver,AB,false,false,,America/Edmonton
Millbrook,Ontario,CA,,,,millbrook,ON,false,false,,America/Toronto
Millertown,Newfoundland,CA,,,,millertown,NL,false,false,,America/St_Johns
Millet,Alberta,CA,,,,millet,AB,false,false,,America/Edmonton
Millhaven,Ontario,CA,,,,millhaven,ON,false,false,,America/Toronto
Milltown-Head of Bay D`Espoir,Newfoundland,CA,,,,milltownheadofbaydespoir,NL,false,false,,America/St_Johns
Millville,New Brunswick,CA,,,,millville,NB,false,false,,America/Moncton
Milo,Alberta,CA,,,,milo,AB,false,false,,America/Edmonton
Milton,Ontario,CA,,,,milton,ON,false,false,,America/Toronto
Milverton,Ontario,CA,,,,milverton,ON,false,false,,America/Toronto
Minaki,Ontario,CA,,,,minaki,ON,false,false,,America/Toronto
Minburn,Alberta,CA,,,,minburn,AB,false,false,,America/Edmonton
Mindemoya,Ontario,CA,,,,mindemoya,ON,false,false,,America/Toronto
Minden,Ontario,CA,,,,minden,ON,false,false,,America/Toronto
Mine Centre,Ontario,CA,,,,minecentre,ON,false,false,,America/Toronto
Ming`s Bight,Newfoundland,CA,,,,mingsbight,NL,false,false,,America/St_Johns
Miniota,Manitoba,CA,,,,miniota,MB,false,false,,America/Winnipeg
Minnedosa,Manitoba,CA,,,,minnedosa,MB,false,false,,America/Winnipeg
Minto,Manitoba,CA,,,,minto,MB,false,false,,America/Winnipeg
Minto,New Brunswick,CA,,,,minto,NB,false,false,,America/Moncton
Minton,Saskatchewan,CA,,,,minton,SK,false,false,,America/Regina
Mirabel,Quebec,CA,,,,mirabel,QC,false,false,,America/Montreal
Miramichi,New Brunswick,CA,,,,miramichi,NB,false,false,,America/Moncton
Mirror,Alberta,CA,,,,mirror,AB,false,false,,America/Edmonton
Miscou Island,New Brunswick,CA,,,,miscouisland,NB,false,false,,America/Moncton
Missanabie,Ontario,CA,,,,missanabie,ON,false,false,,America/Toronto
Mission,British Columbia,CA,,,,mission,BC,false,false,,America/Vancouver
Mississauga,Ontario,CA,,,,mississauga,ON,false,false,,America/Toronto
Mistassini,Quebec,CA,,,,mistassini,QC,false,false,,America/Montreal
Mistatim,Saskatchewan,CA,,,,mistatim,SK,false,false,,America/Regina
Mitchell,Ontario,CA,,,,mitchell,ON,false,false,,America/Toronto
Mohawks Of The Bay of Quinte F,Ontario,CA,,,,mohawksofthebayofquintef,ON,false,false,,America/Toronto
Moisie,Quebec,CA,,,,moisie,QC,false,false,,America/Montreal
Molanosa,Saskatchewan,CA,,,,molanosa,SK,false,false,,America/Regina
Monastery,Nova Scotia,CA,,,,monastery,NS,false,false,,America/Halifax
Moncton,New Brunswick,CA,,,,moncton,NB,false,false,,America/Moncton
Monkstown,Newfoundland,CA,,,,monkstown,NL,false,false,,America/St_Johns
Monkton,Ontario,CA,,,,monkton,ON,false,false,,America/Toronto
Mont Bechervaise,Quebec,CA,,,,montbechervaise,QC,false,false,,America/Montreal
Mont St Gr�goire,Quebec,CA,,,,montstgrgoire,QC,false,false,,America/Montreal
Mont-Joli,Quebec,CA,,,,montjoli,QC,false,false,,America/Montreal
Mont-Laurier,Quebec,CA,,,,montlaurier,QC,false,false,,America/Montreal
Mont-Louis,Quebec,CA,,,,montlouis,QC,false,false,,America/Montreal
Mont-Rolland,Quebec,CA,,,,montrolland,QC,false,false,,America/Montreal
Mont-Royal,Quebec,CA,,,,montroyal,QC,false,false,,America/Montreal
Mont-St-Hilaire,Quebec,CA,,,,montsthilaire,QC,false,false,,America/Montreal
Mont-St-Pierre,Quebec,CA,,,,montstpierre,QC,false,false,,America/Montreal
Mont-Tremblant,Quebec,CA,,,,monttremblant,QC,false,false,,America/Montreal
Montague,Prince Edward Island,CA,,,,montague,PE,false,false,,America/Halifax
Montebello,Quebec,CA,,,,montebello,QC,false,false,,America/Montreal
Montmagny,Quebec,CA,,,,montmagny,QC,false,false,,America/Montreal
Montmartre,Saskatchewan,CA,,,,montmartre,SK,false,false,,America/Regina
Montney,British Columbia,CA,,,,montney,BC,false,false,,America/Vancouver
Montreal,Quebec,CA,,,,montreal,QC,false,true,,America/Montreal
Montreal - Est,Quebec,CA,,,,montrealest,QC,false,false,,America/Montreal
Montr�al - Nord,Quebec,CA,,,,montralnord,QC,false,false,,America/Montreal
Montr�al - Ouest,Quebec,CA,,,,montralouest,QC,false,false,,America/Montreal
Moonbeam,Ontario,CA,,,,moonbeam,ON,false,false,,America/Toronto
Moonstone,Ontario,CA,,,,moonstone,ON,false,false,,America/Toronto
Mooretown,Ontario,CA,,,,mooretown,ON,false,false,,America/Toronto
Moose Creek,Ontario,CA,,,,moosecreek,ON,false,false,,America/Toronto
Moose Factory,Ontario,CA,,,,moosefactory,ON,false,false,,America/Toronto
Moose Jaw,Saskatchewan,CA,,,,moosejaw,SK,false,false,,America/Regina
Moose Lake,Manitoba,CA,,,,mooselake,MB,false,false,,America/Winnipeg
Moosomin,Saskatchewan,CA,,,,moosomin,SK,false,false,,America/Regina
Moosonee,Ontario,CA,,,,moosonee,ON,false,false,,America/Toronto
Morden,Manitoba,CA,,,,morden,MB,false,false,,America/Winnipeg
Morell,Prince Edward Island,CA,,,,morell,PE,false,false,,America/Halifax
Morin-Heights,Quebec,CA,,,,morinheights,QC,false,false,,America/Montreal
Morinville,Alberta,CA,,,,morinville,AB,false,false,,America/Edmonton
Morley,Alberta,CA,,,,morley,AB,false,false,,America/Edmonton
Morrin,Alberta,CA,,,,morrin,AB,false,false,,America/Edmonton
Morris,Manitoba,CA,,,,morris,MB,false,false,,America/Winnipeg
Morrisburg,Ontario,CA,,,,morrisburg,ON,false,false,,America/Toronto
Morse,Saskatchewan,CA,,,,morse,SK,false,false,,America/Regina
Morson,Ontario,CA,,,,morson,ON,false,false,,America/Toronto
Mortlach,Saskatchewan,CA,,,,mortlach,SK,false,false,,America/Regina
Mossbank,Saskatchewan,CA,,,,mossbank,SK,false,false,,America/Regina
Mount Albert,Ontario,CA,,,,mountalbert,ON,false,false,,America/Toronto
Mount Brydges,Ontario,CA,,,,mountbrydges,ON,false,false,,America/Toronto
Mount Carmel-Mitchells Brook-S,Newfoundland,CA,,,,mountcarmelmitchellsbrooks,NL,false,false,,America/St_Johns
Mount Forest,Ontario,CA,,,,mountforest,ON,false,false,,America/Toronto
Mount Hope,Ontario,CA,,,,mounthope,ON,false,false,,America/Toronto
Mount Moriah,Newfoundland,CA,,,,mountmoriah,NL,false,false,,America/St_Johns
Mount Pearl,Newfoundland,CA,,,,mountpearl,NL,false,false,,America/St_Johns
Mount Pleasant,Ontario,CA,,,,mountpleasant,ON,false,false,,America/Toronto
Mount Stewart,Prince Edward Island,CA,,,,mountstewart,PE,false,false,,America/Halifax
Mount Uniacke,Nova Scotia,CA,,,,mountuniacke,NS,false,false,,America/Halifax
Moyie,British Columbia,CA,,,,moyie,BC,false,false,,America/Vancouver
Mulgrave,Nova Scotia,CA,,,,mulgrave,NS,false,false,,America/Halifax
Mulhurst,Alberta,CA,,,,mulhurst,AB,false,false,,America/Edmonton
Muncho Lake,British Columbia,CA,,,,muncholake,BC,false,false,,America/Vancouver
Mundare,Alberta,CA,,,,mundare,AB,false,false,,America/Edmonton
Murdochville,Quebec,CA,,,,murdochville,QC,false,false,,America/Montreal
Murray River,Prince Edward Island,CA,,,,murrayriver,PE,false,false,,America/Halifax
Musgrave Harbour,Newfoundland,CA,,,,musgraveharbour,NL,false,false,,America/St_Johns
Musgravetown,Newfoundland,CA,,,,musgravetown,NL,false,false,,America/St_Johns
Muskoka,Ontario,CA,,,,muskoka,ON,false,false,,America/Toronto
Muskoka Falls,Ontario,CA,,,,muskokafalls,ON,false,false,,America/Toronto
Muskrat Dam,Ontario,CA,,,,muskratdam,ON,false,false,,America/Toronto
Muskrat Dam First Nation,Ontario,CA,,,,muskratdamfirstnation,ON,false,false,,America/Toronto
Musquodoboit Harbour,Nova Scotia,CA,,,,musquodoboitharbour,NS,false,false,,America/Halifax
Mutton Bay,Quebec,CA,,,,muttonbay,QC,false,false,,America/Montreal
Myrnam,Alberta,CA,,,,myrnam,AB,false,false,,America/Edmonton
M`Chigeeng,Ontario,CA,,,,mchigeeng,ON,false,false,,America/Toronto
Nackawic,New Brunswick,CA,,,,nackawic,NB,false,false,,America/Moncton
Nahanni Butte,Northwest Territories,CA,,,,nahannibutte,NT,false,false,,America/Yellowknife
Naicam,Saskatchewan,CA,,,,naicam,SK,false,false,,America/Regina
Nain,Newfoundland,CA,,,,nain,NL,false,false,,America/St_Johns
Nairn,Ontario,CA,,,,nairn,ON,false,false,,America/Toronto
Naiscoutaing First Nation,Ontario,CA,,,,naiscoutaingfirstnation,ON,false,false,,America/Toronto
Nakina,Ontario,CA,,,,nakina,ON,false,false,,America/Toronto
Nakusp,British Columbia,CA,,,,nakusp,BC,false,false,,America/Vancouver
Namao,Alberta,CA,,,,namao,AB,false,false,,America/Edmonton
Nampa,Alberta,CA,,,,nampa,AB,false,false,,America/Edmonton
Nanaimo,British Columbia,CA,,,,nanaimo,BC,false,false,,America/Vancouver
Nantes,Quebec,CA,,,,nantes,QC,false,false,,America/Montreal
Nanticoke,Ontario,CA,,,,nanticoke,ON,false,false,,America/Toronto
Nanton,Alberta,CA,,,,nanton,AB,false,false,,America/Edmonton
Napanee,Ontario,CA,,,,napanee,ON,false,false,,America/Toronto
Napierville,Quebec,CA,,,,napierville,QC,false,false,,America/Montreal
Naramata,British Columbia,CA,,,,naramata,BC,false,false,,America/Vancouver
Natashquan,Quebec,CA,,,,natashquan,QC,false,false,,America/Montreal
Navan,Ontario,CA,,,,navan,ON,false,false,,America/Toronto
Nedelec,Quebec,CA,,,,nedelec,QC,false,false,,America/Montreal
Neepawa,Manitoba,CA,,,,neepawa,MB,false,false,,America/Winnipeg
Neguac,New Brunswick,CA,,,,neguac,NB,false,false,,America/Moncton
Neidpath,Saskatchewan,CA,,,,neidpath,SK,false,false,,America/Regina
Neilburg,Saskatchewan,CA,,,,neilburg,SK,false,false,,America/Regina
Nelson,British Columbia,CA,,,,nelson,BC,false,false,,America/Vancouver
Nelson House,Manitoba,CA,,,,nelsonhouse,MB,false,false,,America/Winnipeg
Nepean,Ontario,CA,,,,nepean,ON,false,false,,America/Toronto
Nephton,Ontario,CA,,,,nephton,ON,false,false,,America/Toronto
Nestor Falls,Ontario,CA,,,,nestorfalls,ON,false,false,,America/Toronto
Neudorf,Saskatchewan,CA,,,,neudorf,SK,false,false,,America/Regina
Neustadt,Ontario,CA,,,,neustadt,ON,false,false,,America/Toronto
Neuville,Quebec,CA,,,,neuville,QC,false,false,,America/Montreal
Neville,Saskatchewan,CA,,,,neville,SK,false,false,,America/Regina
New Aiyansh,British Columbia,CA,,,,newaiyansh,BC,false,false,,America/Vancouver
New Carlisle,Quebec,CA,,,,newcarlisle,QC,false,false,,America/Montreal
New Dayton,Alberta,CA,,,,newdayton,AB,false,false,,America/Edmonton
New Denmark,New Brunswick,CA,,,,newdenmark,NB,false,false,,America/Moncton
New Denver,British Columbia,CA,,,,newdenver,BC,false,false,,America/Vancouver
New Dundee,Ontario,CA,,,,newdundee,ON,false,false,,America/Toronto
New Germany,Nova Scotia,CA,,,,newgermany,NS,false,false,,America/Halifax
New Glasgow,Nova Scotia,CA,,,,newglasgow,NS,false,false,,America/Halifax
New Glasgow,Quebec,CA,,,,newglasgow,QC,false,false,,America/Montreal
New Hamburg,Ontario,CA,,,,newhamburg,ON,false,false,,America/Toronto
New Harbour,Newfoundland,CA,,,,newharbour,NL,false,false,,America/St_Johns
New Haven,Prince Edward Island,CA,,,,newhaven,PE,false,false,,America/Halifax
New Liskeard,Ontario,CA,,,,newliskeard,ON,false,false,,America/Toronto
New London,Prince Edward Island,CA,,,,newlondon,PE,false,false,,America/Halifax
New Norway,Alberta,CA,,,,newnorway,AB,false,false,,America/Edmonton
New Perlican,Newfoundland,CA,,,,newperlican,NL,false,false,,America/St_Johns
New Richmond,Quebec,CA,,,,newrichmond,QC,false,false,,America/Montreal
New Ross,Nova Scotia,CA,,,,newross,NS,false,false,,America/Halifax
New Sarepta,Alberta,CA,,,,newsarepta,AB,false,false,,America/Edmonton
New Tecumseth,Ontario,CA,,,,newtecumseth,ON,false,false,,America/Toronto
New Waterford,Nova Scotia,CA,,,,newwaterford,NS,false,false,,America/Halifax
New Westminster,British Columbia,CA,,,,newwestminster,BC,false,false,,America/Vancouver
New-Wes-Valley,Newfoundland,CA,,,,newwesvalley,NL,false,false,,America/St_Johns
Newbrook,Alberta,CA,,,,newbrook,AB,false,false,,America/Edmonton
Newburgh,Ontario,CA,,,,newburgh,ON,false,false,,America/Toronto
Newcastle,Ontario,CA,,,,newcastle,ON,false,false,,America/Toronto
Newdale,Manitoba,CA,,,,newdale,MB,false,false,,America/Winnipeg
Newmarket,Ontario,CA,,,,newmarket,ON,false,false,,America/Toronto
Newport,Quebec,CA,,,,newport,QC,false,false,,America/Montreal
Newtonville,Ontario,CA,,,,newtonville,ON,false,false,,America/Toronto
Niagara Falls,Ontario,CA,,,,niagarafalls,ON,false,false,,America/Toronto
Niagara-on-the-Lake,Ontario,CA,,,,niagaraonthelake,ON,false,false,,America/Toronto
Nickel Centre,Ontario,CA,,,,nickelcentre,ON,false,false,,America/Toronto
Nicolet,Quebec,CA,,,,nicolet,QC,false,false,,America/Montreal
Nimpo Lake,British Columbia,CA,,,,nimpolake,BC,false,false,,America/Vancouver
Nipawin,Saskatchewan,CA,,,,nipawin,SK,false,false,,America/Regina
Nipigon,Ontario,CA,,,,nipigon,ON,false,false,,America/Toronto
Nipissing First Nation,Ontario,CA,,,,nipissingfirstnation,ON,false,false,,America/Toronto
Nippers Harbour,Newfoundland,CA,,,,nippersharbour,NL,false,false,,America/St_Johns
Nisku,Alberta,CA,,,,nisku,AB,false,false,,America/Edmonton
Niton Junction,Alberta,CA,,,,nitonjunction,AB,false,false,,America/Edmonton
Niverville,Manitoba,CA,,,,niverville,MB,false,false,,America/Winnipeg
Nobel,Ontario,CA,,,,nobel,ON,false,false,,America/Toronto
Nobleford,Alberta,CA,,,,nobleford,AB,false,false,,America/Edmonton
Nobleton,Ontario,CA,,,,nobleton,ON,false,false,,America/Toronto
Noel,Nova Scotia,CA,,,,noel,NS,false,false,,America/Halifax
Noelville,Ontario,CA,,,,noelville,ON,false,false,,America/Toronto
Nokomis,Saskatchewan,CA,,,,nokomis,SK,false,false,,America/Regina
Norbertville,Quebec,CA,,,,norbertville,QC,false,false,,America/Montreal
Nordegg,Alberta,CA,,,,nordegg,AB,false,false,,America/Edmonton
Norman Wells,Northwest Territories,CA,,,,normanwells,NT,false,false,,America/Yellowknife
Normandin,Quebec,CA,,,,normandin,QC,false,false,,America/Montreal
Norman`s Cove-Long Cove,Newfoundland,CA,,,,normanscovelongcove,NL,false,false,,America/St_Johns
Normetal,Quebec,CA,,,,normetal,QC,false,false,,America/Montreal
Norquay,Saskatchewan,CA,,,,norquay,SK,false,false,,America/Regina
Norris Arm,Newfoundland,CA,,,,norrisarm,NL,false,false,,America/St_Johns
North Augusta,Ontario,CA,,,,northaugusta,ON,false,false,,America/Toronto
North Battleford,Saskatchewan,CA,,,,northbattleford,SK,false,false,,America/Regina
North Bay,Ontario,CA,,,,northbay,ON,false,false,,America/Toronto
North Gower,Ontario,CA,,,,northgower,ON,false,false,,America/Toronto
North Hatley,Quebec,CA,,,,northhatley,QC,false,false,,America/Montreal
North Portal,Saskatchewan,CA,,,,northportal,SK,false,false,,America/Regina
North Saanich,British Columbia,CA,,,,northsaanich,BC,false,false,,America/Vancouver
North Spirit Lake,Ontario,CA,,,,northspiritlake,ON,false,false,,America/Toronto
North Sydney,Nova Scotia,CA,,,,northsydney,NS,false,false,,America/Halifax
North Vancouver,British Columbia,CA,,,,northvancouver,BC,false,false,,America/Vancouver
North West River,Newfoundland,CA,,,,northwestriver,NL,false,false,,America/St_Johns
North York,Ontario,CA,,,,northyork,ON,false,false,,America/Toronto
Northbrook,Ontario,CA,,,,northbrook,ON,false,false,,America/Toronto
Northern Arm,Newfoundland,CA,,,,northernarm,NL,false,false,,America/St_Johns
Norton,New Brunswick,CA,,,,norton,NB,false,false,,America/Moncton
Norval,Ontario,CA,,,,norval,ON,false,false,,America/Toronto
Norway House,Manitoba,CA,,,,norwayhouse,MB,false,false,,America/Winnipeg
Norwich,Ontario,CA,,,,norwich,ON,false,false,,America/Toronto
Norwood,Ontario,CA,,,,norwood,ON,false,false,,America/Toronto
Notre Dame de Bonsecours,Quebec,CA,,,,notredamedebonsecours,QC,false,false,,America/Montreal
Notre Dame de Lourdes,Manitoba,CA,,,,notredamedelourdes,MB,false,false,,America/Winnipeg
Notre Dame de Lourdes,Quebec,CA,,,,notredamedelourdes,QC,false,false,,America/Montreal
Notre Dame De L`Ile Perrot,Quebec,CA,,,,notredamedelileperrot,QC,false,false,,America/Montreal
Notre Dame des Laurentides,Quebec,CA,,,,notredamedeslaurentides,QC,false,false,,America/Montreal
Notre Dame Des Prairies,Quebec,CA,,,,notredamedesprairies,QC,false,false,,America/Montreal
Notre Dame Du Portage,Quebec,CA,,,,notredameduportage,QC,false,false,,America/Montreal
Notre-Dame-de-la-Paix,Quebec,CA,,,,notredamedelapaix,QC,false,false,,America/Montreal
Notre-Dame-de-la-Salette,Quebec,CA,,,,notredamedelasalette,QC,false,false,,America/Montreal
Notre-Dame-de-Stanbridge,Quebec,CA,,,,notredamedestanbridge,QC,false,false,,America/Montreal
Notre-Dame-du-Bon-Conseil,Quebec,CA,,,,notredamedubonconseil,QC,false,false,,America/Montreal
Notre-Dame-du-Lac,Quebec,CA,,,,notredamedulac,QC,false,false,,America/Montreal
Notre-Dame-du-Laus,Quebec,CA,,,,notredamedulaus,QC,false,false,,America/Montreal
Notre-Dame-du-Nord,Quebec,CA,,,,notredamedunord,QC,false,false,,America/Montreal
Nouvelle,Quebec,CA,,,,nouvelle,QC,false,false,,America/Montreal
Oak Lake,Manitoba,CA,,,,oaklake,MB,false,false,,America/Winnipeg
Oak Ridges,Ontario,CA,,,,oakridges,ON,false,false,,America/Toronto
Oak River,Manitoba,CA,,,,oakriver,MB,false,false,,America/Winnipeg
Oakville,Manitoba,CA,,,,oakville,MB,false,false,,America/Winnipeg
Oakville,Ontario,CA,,,,oakville,ON,false,false,,America/Toronto
Oakwood,Ontario,CA,,,,oakwood,ON,false,false,,America/Toronto
Oba,Ontario,CA,,,,oba,ON,false,false,,America/Toronto
Ocean Falls,British Columbia,CA,,,,oceanfalls,BC,false,false,,America/Vancouver
Ocean Park,British Columbia,CA,,,,oceanpark,BC,false,false,,America/Vancouver
Ochre River,Manitoba,CA,,,,ochreriver,MB,false,false,,America/Winnipeg
Odessa,Ontario,CA,,,,odessa,ON,false,false,,America/Toronto
Odessa,Saskatchewan,CA,,,,odessa,SK,false,false,,America/Regina
Ogema,Saskatchewan,CA,,,,ogema,SK,false,false,,America/Regina
Ogoki,Ontario,CA,,,,ogoki,ON,false,false,,America/Toronto
Ohsweken,Ontario,CA,,,,ohsweken,ON,false,false,,America/Toronto
Oil Springs,Ontario,CA,,,,oilsprings,ON,false,false,,America/Toronto
Ojibways of Hiawatha First Nat,Ontario,CA,,,,ojibwaysofhiawathafirstnat,ON,false,false,,America/Toronto
Ojibways of Walpole Island Fir,Ontario,CA,,,,ojibwaysofwalpoleislandfir,ON,false,false,,America/Toronto
Oka,Quebec,CA,,,,oka,QC,false,false,,America/Montreal
Okanagan Falls,British Columbia,CA,,,,okanaganfalls,BC,false,false,,America/Vancouver
Okotoks,Alberta,CA,,,,okotoks,AB,false,false,,America/Edmonton
Old Crow,Yukon,CA,,,,oldcrow,YT,false,false,,America/Whitehorse
Old Perlican,Newfoundland,CA,,,,oldperlican,NL,false,false,,America/St_Johns
Olds,Alberta,CA,,,,olds,AB,false,false,,America/Edmonton
Oliver,British Columbia,CA,,,,oliver,BC,false,false,,America/Vancouver
Omemee,Ontario,CA,,,,omemee,ON,false,false,,America/Toronto
Omerville,Quebec,CA,,,,omerville,QC,false,false,,America/Montreal
Onaping Falls,Ontario,CA,,,,onapingfalls,ON,false,false,,America/Toronto
Oneida First Nation,Ontario,CA,,,,oneidafirstnation,ON,false,false,,America/Toronto
Onoway,Alberta,CA,,,,onoway,AB,false,false,,America/Edmonton
Opasatika,Ontario,CA,,,,opasatika,ON,false,false,,America/Toronto
Ophir,Ontario,CA,,,,ophir,ON,false,false,,America/Toronto
Orangeville,Ontario,CA,,,,orangeville,ON,false,false,,America/Toronto
Orford,Quebec,CA,,,,orford,QC,false,false,,America/Montreal
Orillia,Ontario,CA,,,,orillia,ON,false,false,,America/Toronto
Orleans,Ontario,CA,,,,orleans,ON,false,false,,America/Toronto
Ormiston,Saskatchewan,CA,,,,ormiston,SK,false,false,,America/Regina
Ormstown,Quebec,CA,,,,ormstown,QC,false,false,,America/Montreal
Oro,Ontario,CA,,,,oro,ON,false,false,,America/Toronto
Oromocto,New Brunswick,CA,,,,oromocto,NB,false,false,,America/Moncton
Orono,Ontario,CA,,,,orono,ON,false,false,,America/Toronto
Orrville,Ontario,CA,,,,orrville,ON,false,false,,America/Toronto
Osgoode,Ontario,CA,,,,osgoode,ON,false,false,,America/Toronto
Oshawa,Ontario,CA,,,,oshawa,ON,false,true,,America/Toronto
Osler,Saskatchewan,CA,,,,osler,SK,false,false,,America/Regina
Osoyoos,British Columbia,CA,,,,osoyoos,BC,false,false,,America/Vancouver
Ottawa,Ontario,CA,,,,ottawa,ON,true,true,,America/Toronto
Otterburn Park,Quebec,CA,,,,otterburnpark,QC,false,false,,America/Montreal
Otterville,Ontario,CA,,,,otterville,ON,false,false,,America/Toronto
Outlook,Saskatchewan,CA,,,,outlook,SK,false,false,,America/Regina
Outremont,Quebec,CA,,,,outremont,QC,false,false,,America/Montreal
Owen Sound,Ontario,CA,,,,owensound,ON,false,false,,America/Toronto
Oxbow,Saskatchewan,CA,,,,oxbow,SK,false,false,,America/Regina
Oxdrift,Ontario,CA,,,,oxdrift,ON,false,false,,America/Toronto
Oxford,Nova Scotia,CA,,,,oxford,NS,false,false,,America/Halifax
Oxford House,Manitoba,CA,,,,oxfordhouse,MB,false,false,,America/Winnipeg
Oxford Mills,Ontario,CA,,,,oxfordmills,ON,false,false,,America/Toronto
Oyama,British Columbia,CA,,,,oyama,BC,false,false,,America/Vancouver
Oyen,Alberta,CA,,,,oyen,AB,false,false,,America/Edmonton
O`Leary,Prince Edward Island,CA,,,,oleary,PE,false,false,,America/Halifax
Packs Harbour,Newfoundland,CA,,,,packsharbour,NL,false,false,,America/St_Johns
Pacquet,Newfoundland,CA,,,,pacquet,NL,false,false,,America/St_Johns
Paddockwood,Saskatchewan,CA,,,,paddockwood,SK,false,false,,America/Regina
Paisley,Ontario,CA,,,,paisley,ON,false,false,,America/Toronto
Pakenham,Ontario,CA,,,,pakenham,ON,false,false,,America/Toronto
Palgrave,Ontario,CA,,,,palgrave,ON,false,false,,America/Toronto
Palmarolle,Quebec,CA,,,,palmarolle,QC,false,false,,America/Montreal
Palmer Rapids,Ontario,CA,,,,palmerrapids,ON,false,false,,America/Toronto
Palmerston,Ontario,CA,,,,palmerston,ON,false,false,,America/Toronto
Pangman,Saskatchewan,CA,,,,pangman,SK,false,false,,America/Regina
Papineauville,Quebec,CA,,,,papineauville,QC,false,false,,America/Montreal
Paquette Corner,Ontario,CA,,,,paquettecorner,ON,false,false,,America/Toronto
Paquetville,New Brunswick,CA,,,,paquetville,NB,false,false,,America/Moncton
Paradise,Newfoundland,CA,,,,paradise,NL,false,false,,America/St_Johns
Paradise Hill,Saskatchewan,CA,,,,paradisehill,SK,false,false,,America/Regina
Paradise River,Newfoundland,CA,,,,paradiseriver,NL,false,false,,America/St_Johns
Paradise Valley,Alberta,CA,,,,paradisevalley,AB,false,false,,America/Edmonton
Parent,Quebec,CA,,,,parent,QC,false,false,,America/Montreal
Parham,Ontario,CA,,,,parham,ON,false,false,,America/Toronto
Paris,Ontario,CA,,,,paris,ON,false,false,,America/Toronto
Parkhill,Ontario,CA,,,,parkhill,ON,false,false,,America/Toronto
Parksville,British Columbia,CA,,,,parksville,BC,false,false,,America/Vancouver
Parrsboro,Nova Scotia,CA,,,,parrsboro,NS,false,false,,America/Halifax
Parry Sound,Ontario,CA,,,,parrysound,ON,false,false,,America/Toronto
Parson,British Columbia,CA,,,,parson,BC,false,false,,America/Vancouver
Pasadena,Newfoundland,CA,,,,pasadena,NL,false,false,,America/St_Johns
Pass Lake,Ontario,CA,,,,passlake,ON,false,false,,America/Toronto
Patuanak,Saskatchewan,CA,,,,patuanak,SK,false,false,,America/Regina
Paynton,Saskatchewan,CA,,,,paynton,SK,false,false,,America/Regina
Peace River,Alberta,CA,,,,peaceriver,AB,false,false,,America/Edmonton
Peachland,British Columbia,CA,,,,peachland,BC,false,false,,America/Vancouver
Peawanuck,Ontario,CA,,,,peawanuck,ON,false,false,,America/Toronto
Peerless Lake,Alberta,CA,,,,peerlesslake,AB,false,false,,America/Edmonton
Peers,Alberta,CA,,,,peers,AB,false,false,,America/Edmonton
Pefferlaw,Ontario,CA,,,,pefferlaw,ON,false,false,,America/Toronto
Peggy`s Cove,Nova Scotia,CA,,,,peggyscove,NS,false,false,,America/Halifax
Peguis,Manitoba,CA,,,,peguis,MB,false,false,,America/Winnipeg
Pelee Island,Ontario,CA,,,,peleeisland,ON,false,false,,America/Toronto
Pelham,Ontario,CA,,,,pelham,ON,false,false,,America/Toronto
Pelican Narrows,Saskatchewan,CA,,,,pelicannarrows,SK,false,false,,America/Regina
Pelican Rapids,Manitoba,CA,,,,pelicanrapids,MB,false,false,,America/Winnipeg
Pelly,Saskatchewan,CA,,,,pelly,SK,false,false,,America/Regina
Pelly Crossing,Yukon,CA,,,,pellycrossing,YT,false,false,,America/Whitehorse
Pemberton,British Columbia,CA,,,,pemberton,BC,false,false,,America/Vancouver
Pembroke,Ontario,CA,,,,pembroke,ON,false,false,,America/Toronto
Penetanguishene,Ontario,CA,,,,penetanguishene,ON,false,false,,America/Toronto
Penhold,Alberta,CA,,,,penhold,AB,false,false,,America/Edmonton
Pennant,Saskatchewan,CA,,,,pennant,SK,false,false,,America/Regina
Pense,Saskatchewan,CA,,,,pense,SK,false,false,,America/Regina
Penticton,British Columbia,CA,,,,penticton,BC,false,false,,America/Vancouver
Perce,Quebec,CA,,,,perce,QC,false,false,,America/Montreal
Perdue,Saskatchewan,CA,,,,perdue,SK,false,false,,America/Regina
Peribonka,Quebec,CA,,,,peribonka,QC,false,false,,America/Montreal
Perkins,Quebec,CA,,,,perkins,QC,false,false,,America/Montreal
Perrault Falls,Ontario,CA,,,,perraultfalls,ON,false,false,,America/Toronto
Perth,Ontario,CA,,,,perth,ON,false,false,,America/Toronto
Perth-Andover,New Brunswick,CA,,,,perthandover,NB,false,false,,America/Moncton
Petawawa,Ontario,CA,,,,petawawa,ON,false,false,,America/Toronto
Peterborough,Ontario,CA,,,,peterborough,ON,false,false,,America/Toronto
Peterview,Newfoundland,CA,,,,peterview,NL,false,false,,America/St_Johns
Petit Rocher,New Brunswick,CA,,,,petitrocher,NB,false,false,,America/Moncton
Petitcodiac,New Brunswick,CA,,,,petitcodiac,NB,false,false,,America/Moncton
Petite-Riviere-St-Francois,Quebec,CA,,,,petiterivierestfrancois,QC,false,false,,America/Montreal
Petrolia,Ontario,CA,,,,petrolia,ON,false,false,,America/Toronto
Petty Harbour-Maddox Cove,Newfoundland,CA,,,,pettyharbourmaddoxcove,NL,false,false,,America/St_Johns
Philipsburg,Quebec,CA,,,,philipsburg,QC,false,false,,America/Montreal
Piapot,Saskatchewan,CA,,,,piapot,SK,false,false,,America/Regina
Pickering,Ontario,CA,,,,pickering,ON,false,false,,America/Toronto
Pickle Lake,Ontario,CA,,,,picklelake,ON,false,false,,America/Toronto
Picton,Ontario,CA,,,,picton,ON,false,false,,America/Toronto
Pictou,Nova Scotia,CA,,,,pictou,NS,false,false,,America/Halifax
Picture Butte,Alberta,CA,,,,picturebutte,AB,false,false,,America/Edmonton
Pierceland,Saskatchewan,CA,,,,pierceland,SK,false,false,,America/Regina
Pierrefonds,Quebec,CA,,,,pierrefonds,QC,false,false,,America/Montreal
Pierreville,Quebec,CA,,,,pierreville,QC,false,false,,America/Montreal
Pikangikum First Nation,Ontario,CA,,,,pikangikumfirstnation,ON,false,false,,America/Toronto
Pikwitonei,Manitoba,CA,,,,pikwitonei,MB,false,false,,America/Winnipeg
Pilot Butte,Saskatchewan,CA,,,,pilotbutte,SK,false,false,,America/Regina
Pilot Mound,Manitoba,CA,,,,pilotmound,MB,false,false,,America/Winnipeg
Pinawa,Manitoba,CA,,,,pinawa,MB,false,false,,America/Winnipeg
Pincher Creek,Alberta,CA,,,,pinchercreek,AB,false,false,,America/Edmonton
Pincourt,Quebec,CA,,,,pincourt,QC,false,false,,America/Montreal
Pine Dock,Manitoba,CA,,,,pinedock,MB,false,false,,America/Winnipeg
Pine Falls,Manitoba,CA,,,,pinefalls,MB,false,false,,America/Winnipeg
Pine River,Manitoba,CA,,,,pineriver,MB,false,false,,America/Winnipeg
Pineal Lake,Ontario,CA,,,,pineallake,ON,false,false,,America/Toronto
Pinehouse,Saskatchewan,CA,,,,pinehouse,SK,false,false,,America/Regina
Piney,Manitoba,CA,,,,piney,MB,false,false,,America/Winnipeg
Pintendre,Quebec,CA,,,,pintendre,QC,false,false,,America/Montreal
Pitt Meadows,British Columbia,CA,,,,pittmeadows,BC,false,false,,America/Vancouver
Placentia,Newfoundland,CA,,,,placentia,NL,false,false,,America/St_Johns
Plaisance,Quebec,CA,,,,plaisance,QC,false,false,,America/Montreal
Plamondon,Alberta,CA,,,,plamondon,AB,false,false,,America/Edmonton
Plantagenet,Ontario,CA,,,,plantagenet,ON,false,false,,America/Toronto
Plaster Rock,New Brunswick,CA,,,,plasterrock,NB,false,false,,America/Moncton
Plate Cove East,Newfoundland,CA,,,,platecoveeast,NL,false,false,,America/St_Johns
Plato,Saskatchewan,CA,,,,plato,SK,false,false,,America/Regina
Plattsville,Ontario,CA,,,,plattsville,ON,false,false,,America/Toronto
Pleasant Park,Ontario,CA,,,,pleasantpark,ON,false,false,,America/Toronto
Plenty,Saskatchewan,CA,,,,plenty,SK,false,false,,America/Regina
Plessisville,Quebec,CA,,,,plessisville,QC,false,false,,America/Montreal
Plevna,Ontario,CA,,,,plevna,ON,false,false,,America/Toronto
Plum Coulee,Manitoba,CA,,,,plumcoulee,MB,false,false,,America/Winnipeg
Plumas,Manitoba,CA,,,,plumas,MB,false,false,,America/Winnipeg
Pohenegamook,Quebec,CA,,,,pohenegamook,QC,false,false,,America/Montreal
Point Grondine First Nation,Ontario,CA,,,,pointgrondinefirstnation,ON,false,false,,America/Toronto
Point Leamington,Newfoundland,CA,,,,pointleamington,NL,false,false,,America/St_Johns
Point Pelee,Ontario,CA,,,,pointpelee,ON,false,false,,America/Toronto
Pointe au Baril,Ontario,CA,,,,pointeaubaril,ON,false,false,,America/Toronto
Pointe Aux Trembles,Quebec,CA,,,,pointeauxtrembles,QC,false,false,,America/Montreal
Pointe du Bois,Manitoba,CA,,,,pointedubois,MB,false,false,,America/Winnipeg
Pointe-a-la-Croix,Quebec,CA,,,,pointealacroix,QC,false,false,,America/Montreal
Pointe-au-Pere,Quebec,CA,,,,pointeaupere,QC,false,false,,America/Montreal
Pointe-aux-Outardes,Quebec,CA,,,,pointeauxoutardes,QC,false,false,,America/Montreal
Pointe-Calumet,Quebec,CA,,,,pointecalumet,QC,false,false,,America/Montreal
Pointe-Claire,Quebec,CA,,,,pointeclaire,QC,false,false,,America/Montreal
Pointe-des-Cascades,Quebec,CA,,,,pointedescascades,QC,false,false,,America/Montreal
Pointe-des-Monts,Quebec,CA,,,,pointedesmonts,QC,false,false,,America/Montreal
Pointe-Fortune,Quebec,CA,,,,pointefortune,QC,false,false,,America/Montreal
Pointe-Lebel,Quebec,CA,,,,pointelebel,QC,false,false,,America/Montreal
Ponoka,Alberta,CA,,,,ponoka,AB,false,false,,America/Edmonton
Pont-Rouge,Quebec,CA,,,,pontrouge,QC,false,false,,America/Montreal
Pont-Viau,Quebec,CA,,,,pontviau,QC,false,false,,America/Montreal
Ponteix,Saskatchewan,CA,,,,ponteix,SK,false,false,,America/Regina
Pontiac,Quebec,CA,,,,pontiac,QC,false,false,,America/Montreal
Pool`s Cove,Newfoundland,CA,,,,poolscove,NL,false,false,,America/St_Johns
Poplar River,Manitoba,CA,,,,poplarriver,MB,false,false,,America/Winnipeg
Poplarfield,Manitoba,CA,,,,poplarfield,MB,false,false,,America/Winnipeg
Porcupine Plain,Saskatchewan,CA,,,,porcupineplain,SK,false,false,,America/Regina
Port Alberni,British Columbia,CA,,,,portalberni,BC,false,false,,America/Vancouver
Port Alice,British Columbia,CA,,,,portalice,BC,false,false,,America/Vancouver
Port au Choix,Newfoundland,CA,,,,portauchoix,NL,false,false,,America/St_Johns
Port au Port West-Aguathuna-Fe,Newfoundland,CA,,,,portauportwestaguathunafe,NL,false,false,,America/St_Johns
Port Aux Basques,Newfoundland,CA,,,,portauxbasques,NL,false,false,,America/St_Johns
Port Bickerton,Nova Scotia,CA,,,,portbickerton,NS,false,false,,America/Halifax
Port Blandford,Newfoundland,CA,,,,portblandford,NL,false,false,,America/St_Johns
Port Burwell,Ontario,CA,,,,portburwell,ON,false,false,,America/Toronto
Port Carling,Ontario,CA,,,,portcarling,ON,false,false,,America/Toronto
Port Clements,British Columbia,CA,,,,portclements,BC,false,false,,America/Vancouver
Port Colborne,Ontario,CA,,,,portcolborne,ON,false,false,,America/Toronto
Port Coquitlam,British Columbia,CA,,,,portcoquitlam,BC,false,false,,America/Vancouver
Port Credit,Ontario,CA,,,,portcredit,ON,false,false,,America/Toronto
Port Cunnington,Ontario,CA,,,,portcunnington,ON,false,false,,America/Toronto
Port Dover,Ontario,CA,,,,portdover,ON,false,false,,America/Toronto
Port Dufferin,Nova Scotia,CA,,,,portdufferin,NS,false,false,,America/Halifax
Port Edward,British Columbia,CA,,,,portedward,BC,false,false,,America/Vancouver
Port Elgin,New Brunswick,CA,,,,portelgin,NB,false,false,,America/Moncton
Port Elgin,Ontario,CA,,,,portelgin,ON,false,false,,America/Toronto
Port Franks,Ontario,CA,,,,portfranks,ON,false,false,,America/Toronto
Port Greville,Nova Scotia,CA,,,,portgreville,NS,false,false,,America/Halifax
Port Hardy,British Columbia,CA,,,,porthardy,BC,false,false,,America/Vancouver
Port Hawkesbury,Nova Scotia,CA,,,,porthawkesbury,NS,false,false,,America/Halifax
Port Hood,Nova Scotia,CA,,,,porthood,NS,false,false,,America/Halifax
Port Hope,Ontario,CA,,,,porthope,ON,false,false,,America/Toronto
Port Hope Simpson,Newfoundland,CA,,,,porthopesimpson,NL,false,false,,America/St_Johns
Port La Tour,Nova Scotia,CA,,,,portlatour,NS,false,false,,America/Halifax
Port Lambton,Ontario,CA,,,,portlambton,ON,false,false,,America/Toronto
Port Loring,Ontario,CA,,,,portloring,ON,false,false,,America/Toronto
Port Maitland,Nova Scotia,CA,,,,portmaitland,NS,false,false,,America/Halifax
Port McNeill,British Columbia,CA,,,,portmcneill,BC,false,false,,America/Vancouver
Port McNicoll,Ontario,CA,,,,portmcnicoll,ON,false,false,,America/Toronto
Port Mellon,British Columbia,CA,,,,portmellon,BC,false,false,,America/Vancouver
Port Moody,British Columbia,CA,,,,portmoody,BC,false,false,,America/Vancouver
Port Morien,Nova Scotia,CA,,,,portmorien,NS,false,false,,America/Halifax
Port Mouton,Nova Scotia,CA,,,,portmouton,NS,false,false,,America/Halifax
Port Perry,Ontario,CA,,,,portperry,ON,false,false,,America/Toronto
Port Renfrew,British Columbia,CA,,,,portrenfrew,BC,false,false,,America/Vancouver
Port Rexton,Newfoundland,CA,,,,portrexton,NL,false,false,,America/St_Johns
Port Robinson,Ontario,CA,,,,portrobinson,ON,false,false,,America/Toronto
Port Rowan,Ontario,CA,,,,portrowan,ON,false,false,,America/Toronto
Port Saunders,Newfoundland,CA,,,,portsaunders,NL,false,false,,America/St_Johns
Port Stanley,Ontario,CA,,,,portstanley,ON,false,false,,America/Toronto
Port Sydney,Ontario,CA,,,,portsydney,ON,false,false,,America/Toronto
Port Union,Newfoundland,CA,,,,portunion,NL,false,false,,America/St_Johns
Port-Cartier,Quebec,CA,,,,portcartier,QC,false,false,,America/Montreal
Port-Daniel,Quebec,CA,,,,portdaniel,QC,false,false,,America/Montreal
Port-Menier,Quebec,CA,,,,portmenier,QC,false,false,,America/Montreal
Portage la Prairie,Manitoba,CA,,,,portagelaprairie,MB,false,false,,America/Winnipeg
Portage-du-Fort,Quebec,CA,,,,portagedufort,QC,false,false,,America/Montreal
Portland,Ontario,CA,,,,portland,ON,false,false,,America/Toronto
Portneuf,Quebec,CA,,,,portneuf,QC,false,false,,America/Montreal
Portugal Cove-St. Philip`s,Newfoundland,CA,,,,portugalcovestphilips,NL,false,false,,America/St_Johns
Poste-de-la-Baleine,Quebec,CA,,,,postedelabaleine,QC,false,false,,America/Montreal
Postville,Newfoundland,CA,,,,postville,NL,false,false,,America/St_Johns
Pouce Coupe,British Columbia,CA,,,,poucecoupe,BC,false,false,,America/Vancouver
Pouch Cove,Newfoundland,CA,,,,pouchcove,NL,false,false,,America/St_Johns
Powassan,Ontario,CA,,,,powassan,ON,false,false,,America/Toronto
Powell River,British Columbia,CA,,,,powellriver,BC,false,false,,America/Vancouver
Preeceville,Saskatchewan,CA,,,,preeceville,SK,false,false,,America/Regina
Prelate,Saskatchewan,CA,,,,prelate,SK,false,false,,America/Regina
Prescott,Ontario,CA,,,,prescott,ON,false,false,,America/Toronto
Prespatou,British Columbia,CA,,,,prespatou,BC,false,false,,America/Vancouver
Preston,Ontario,CA,,,,preston,ON,false,false,,America/Toronto
Prevost,Quebec,CA,,,,prevost,QC,false,false,,America/Montreal
Price,Quebec,CA,,,,price,QC,false,false,,America/Montreal
Prince Albert,Saskatchewan,CA,,,,princealbert,SK,false,false,,America/Regina
Prince George,British Columbia,CA,,,,princegeorge,BC,false,false,,America/Vancouver
Prince Rupert,British Columbia,CA,,,,princerupert,BC,false,false,,America/Vancouver
Princeton,British Columbia,CA,,,,princeton,BC,false,false,,America/Vancouver
Princeton,Newfoundland,CA,,,,princeton,NL,false,false,,America/St_Johns
Princeton,Ontario,CA,,,,princeton,ON,false,false,,America/Toronto
Princeville,Quebec,CA,,,,princeville,QC,false,false,,America/Montreal
Prophet River,British Columbia,CA,,,,prophetriver,BC,false,false,,America/Vancouver
Provost,Alberta,CA,,,,provost,AB,false,false,,America/Edmonton
Prud`homme,Saskatchewan,CA,,,,prudhomme,SK,false,false,,America/Regina
Pubnico,Nova Scotia,CA,,,,pubnico,NS,false,false,,America/Halifax
Puce,Ontario,CA,,,,puce,ON,false,false,,America/Toronto
Pugwash,Nova Scotia,CA,,,,pugwash,NS,false,false,,America/Halifax
Punnichy,Saskatchewan,CA,,,,punnichy,SK,false,false,,America/Regina
Puvirnituq,Quebec,CA,,,,puvirnituq,QC,false,false,,America/Montreal
Quadra Island,British Columbia,CA,,,,quadraisland,BC,false,false,,America/Vancouver
Qualicum Beach,British Columbia,CA,,,,qualicumbeach,BC,false,false,,America/Vancouver
Quebec,Quebec,CA,,,,quebec,QC,true,true,,America/Montreal
Queen Charlotte,British Columbia,CA,,,,queencharlotte,BC,false,false,,America/Vancouver
Queensport,Nova Scotia,CA,,,,queensport,NS,false,false,,America/Halifax
Queenston,Ontario,CA,,,,queenston,ON,false,false,,America/Toronto
Queensville,Ontario,CA,,,,queensville,ON,false,false,,America/Toronto
Quesnel,British Columbia,CA,,,,quesnel,BC,false,false,,America/Vancouver
Quill Lake,Saskatchewan,CA,,,,quilllake,SK,false,false,,America/Regina
Quispamsis,New Brunswick,CA,,,,quispamsis,NB,false,false,,America/Moncton
Quyon,Quebec,CA,,,,quyon,QC,false,false,,America/Montreal
Qu`Appelle,Saskatchewan,CA,,,,quappelle,SK,false,false,,America/Regina
Rabbit Lake,Saskatchewan,CA,,,,rabbitlake,SK,false,false,,America/Regina
Radisson,Quebec,CA,,,,radisson,QC,false,false,,America/Montreal
Radisson,Saskatchewan,CA,,,,radisson,SK,false,false,,America/Regina
Radium Hot Springs,British Columbia,CA,,,,radiumhotsprings,BC,false,false,,America/Vancouver
Radville,Saskatchewan,CA,,,,radville,SK,false,false,,America/Regina
Radway,Alberta,CA,,,,radway,AB,false,false,,America/Edmonton
Rae,Northwest Territories,CA,,,,rae,NT,false,false,,America/Yellowknife
Rae Lakes,Northwest Territories,CA,,,,raelakes,NT,false,false,,America/Yellowknife
Rainbow Lake,Alberta,CA,,,,rainbowlake,AB,false,false,,America/Edmonton
Rainy Lake First Nation,Ontario,CA,,,,rainylakefirstnation,ON,false,false,,America/Toronto
Rainy River,Ontario,CA,,,,rainyriver,ON,false,false,,America/Toronto
Raith,Ontario,CA,,,,raith,ON,false,false,,America/Toronto
Raleigh,Newfoundland,CA,,,,raleigh,NL,false,false,,America/St_Johns
Ralston,Alberta,CA,,,,ralston,AB,false,false,,America/Edmonton
Ramea,Newfoundland,CA,,,,ramea,NL,false,false,,America/St_Johns
Ramore,Ontario,CA,,,,ramore,ON,false,false,,America/Toronto
Rankin Inlet,Nunavut,CA,,,,rankininlet,NU,false,false,,America/Iqaluit
Rapid City,Manitoba,CA,,,,rapidcity,MB,false,false,,America/Winnipeg
Rathwell,Manitoba,CA,,,,rathwell,MB,false,false,,America/Winnipeg
Rawdon,Quebec,CA,,,,rawdon,QC,false,false,,America/Montreal
Raymond,Alberta,CA,,,,raymond,AB,false,false,,America/Edmonton
Raymore,Saskatchewan,CA,,,,raymore,SK,false,false,,America/Regina
Rayside-Balfour,Ontario,CA,,,,raysidebalfour,ON,false,false,,America/Toronto
Red Bank,New Brunswick,CA,,,,redbank,NB,false,false,,America/Moncton
Red Bay,Newfoundland,CA,,,,redbay,NL,false,false,,America/St_Johns
Red Deer,Alberta,CA,,,,reddeer,AB,false,false,,America/Edmonton
Red Lake,Ontario,CA,,,,redlake,ON,false,false,,America/Toronto
Red Rock,British Columbia,CA,,,,redrock,BC,false,false,,America/Vancouver
Red Rock,Ontario,CA,,,,redrock,ON,false,false,,America/Toronto
Red Sucker Lake,Manitoba,CA,,,,redsuckerlake,MB,false,false,,America/Winnipeg
Redbridge,Ontario,CA,,,,redbridge,ON,false,false,,America/Toronto
Redcliff,Alberta,CA,,,,redcliff,AB,false,false,,America/Edmonton
Redditt,Ontario,CA,,,,redditt,ON,false,false,,America/Toronto
Redvers,Saskatchewan,CA,,,,redvers,SK,false,false,,America/Regina
Redwater,Alberta,CA,,,,redwater,AB,false,false,,America/Edmonton
Reefs Harbour,Newfoundland,CA,,,,reefsharbour,NL,false,false,,America/St_Johns
Regina,Saskatchewan,CA,,,,regina,SK,true,true,,America/Regina
Regina Beach,Saskatchewan,CA,,,,reginabeach,SK,false,false,,America/Regina
Remigny,Quebec,CA,,,,remigny,QC,false,false,,America/Montreal
Rencontre East,Newfoundland,CA,,,,rencontreeast,NL,false,false,,America/St_Johns
Renfrew,Ontario,CA,,,,renfrew,ON,false,false,,America/Toronto
Rennie,Manitoba,CA,,,,rennie,MB,false,false,,America/Winnipeg
Repentigny,Quebec,CA,,,,repentigny,QC,false,false,,America/Montreal
R�serve faunique de Rimouski,Quebec,CA,,,,rservefauniquederimouski,QC,false,false,,America/Montreal
R�serve faunique la V�rendrye,Quebec,CA,,,,rservefauniquelavrendrye,QC,false,false,,America/Montreal
R�serves fauniques de Matane e,Quebec,CA,,,,rservesfauniquesdematanee,QC,false,false,,America/Montreal
Resolute,Nunavut,CA,,,,resolute,NU,false,false,,America/Iqaluit
Reston,Manitoba,CA,,,,reston,MB,false,false,,America/Winnipeg
Restoule,Ontario,CA,,,,restoule,ON,false,false,,America/Toronto
Revelstoke,British Columbia,CA,,,,revelstoke,BC,false,false,,America/Vancouver
Rhein,Saskatchewan,CA,,,,rhein,SK,false,false,,America/Regina
Riceton,Saskatchewan,CA,,,,riceton,SK,false,false,,America/Regina
Richelieu,Quebec,CA,,,,richelieu,QC,false,false,,America/Montreal
Richibucto,New Brunswick,CA,,,,richibucto,NB,false,false,,America/Moncton
Richmond,British Columbia,CA,,,,richmond,BC,false,false,,America/Vancouver
Richmond,Ontario,CA,,,,richmond,ON,false,false,,America/Toronto
Richmond,Quebec,CA,,,,richmond,QC,false,false,,America/Montreal
Richmond Hill,Ontario,CA,,,,richmondhill,ON,false,false,,America/Toronto
Richmound,Saskatchewan,CA,,,,richmound,SK,false,false,,America/Regina
Ridgedale,Saskatchewan,CA,,,,ridgedale,SK,false,false,,America/Regina
Ridgetown,Ontario,CA,,,,ridgetown,ON,false,false,,America/Toronto
Ridgeway,Ontario,CA,,,,ridgeway,ON,false,false,,America/Toronto
Rigaud,Quebec,CA,,,,rigaud,QC,false,false,,America/Montreal
Rigolet,Newfoundland,CA,,,,rigolet,NL,false,false,,America/St_Johns
Rimbey,Alberta,CA,,,,rimbey,AB,false,false,,America/Edmonton
Rimouski,Quebec,CA,,,,rimouski,QC,false,false,,America/Montreal
Rimouski-Est,Quebec,CA,,,,rimouskiest,QC,false,false,,America/Montreal
Riondel,British Columbia,CA,,,,riondel,BC,false,false,,America/Vancouver
Ripley,Ontario,CA,,,,ripley,ON,false,false,,America/Toronto
Ripon,Quebec,CA,,,,ripon,QC,false,false,,America/Montreal
Riske Creek,British Columbia,CA,,,,riskecreek,BC,false,false,,America/Vancouver
River Hebert,Nova Scotia,CA,,,,riverhebert,NS,false,false,,America/Halifax
River John,Nova Scotia,CA,,,,riverjohn,NS,false,false,,America/Halifax
River of Ponds,Newfoundland,CA,,,,riverofponds,NL,false,false,,America/St_Johns
Riverhurst,Saskatchewan,CA,,,,riverhurst,SK,false,false,,America/Regina
Riverport,Nova Scotia,CA,,,,riverport,NS,false,false,,America/Halifax
Rivers,Manitoba,CA,,,,rivers,MB,false,false,,America/Winnipeg
Riverton,Manitoba,CA,,,,riverton,MB,false,false,,America/Winnipeg
Riverview,New Brunswick,CA,,,,riverview,NB,false,false,,America/Moncton
Riviere-a-Pierre,Quebec,CA,,,,riviereapierre,QC,false,false,,America/Montreal
Riviere-au-Renard,Quebec,CA,,,,riviereaurenard,QC,false,false,,America/Montreal
Riviere-au-Tonnerre,Quebec,CA,,,,riviereautonnerre,QC,false,false,,America/Montreal
Riviere-Beaudette,Quebec,CA,,,,rivierebeaudette,QC,false,false,,America/Montreal
Riviere-Bleue,Quebec,CA,,,,rivierebleue,QC,false,false,,America/Montreal
Riviere-du-Loup,Quebec,CA,,,,riviereduloup,QC,false,false,,America/Montreal
Riviere-Heva,Quebec,CA,,,,riviereheva,QC,false,false,,America/Montreal
Riviere-St-Jean,Quebec,CA,,,,rivierestjean,QC,false,false,,America/Montreal
Robb,Alberta,CA,,,,robb,AB,false,false,,America/Edmonton
Robertsonville,Quebec,CA,,,,robertsonville,QC,false,false,,America/Montreal
Robert`s Arm,Newfoundland,CA,,,,robertsarm,NL,false,false,,America/St_Johns
Roberval,Quebec,CA,,,,roberval,QC,false,false,,America/Montreal
Roblin,Manitoba,CA,,,,roblin,MB,false,false,,America/Winnipeg
Rocanville,Saskatchewan,CA,,,,rocanville,SK,false,false,,America/Regina
Rochebaucourt,Quebec,CA,,,,rochebaucourt,QC,false,false,,America/Montreal
Rochester,Alberta,CA,,,,rochester,AB,false,false,,America/Edmonton
Rock Creek,British Columbia,CA,,,,rockcreek,BC,false,false,,America/Vancouver
Rock Forest,Quebec,CA,,,,rockforest,QC,false,false,,America/Montreal
Rockglen,Saskatchewan,CA,,,,rockglen,SK,false,false,,America/Regina
Rockland,Ontario,CA,,,,rockland,ON,false,false,,America/Toronto
Rockwood,Ontario,CA,,,,rockwood,ON,false,false,,America/Toronto
Rocky Harbour,Newfoundland,CA,,,,rockyharbour,NL,false,false,,America/St_Johns
Rocky Mountain House,Alberta,CA,,,,rockymountainhouse,AB,false,false,,America/Edmonton
Rockyford,Alberta,CA,,,,rockyford,AB,false,false,,America/Edmonton
Roddickton,Newfoundland,CA,,,,roddickton,NL,false,false,,America/St_Johns
Rodney,Ontario,CA,,,,rodney,ON,false,false,,America/Toronto
Rogersville,New Brunswick,CA,,,,rogersville,NB,false,false,,America/Moncton
Roland,Manitoba,CA,,,,roland,MB,false,false,,America/Winnipeg
Rolla,British Columbia,CA,,,,rolla,BC,false,false,,America/Vancouver
Rollet,Quebec,CA,,,,rollet,QC,false,false,,America/Montreal
Rolling Hills,Alberta,CA,,,,rollinghills,AB,false,false,,America/Edmonton
Rolphton,Ontario,CA,,,,rolphton,ON,false,false,,America/Toronto
Rondeau,Ontario,CA,,,,rondeau,ON,false,false,,America/Toronto
Rorketon,Manitoba,CA,,,,rorketon,MB,false,false,,America/Winnipeg
Rosalind,Alberta,CA,,,,rosalind,AB,false,false,,America/Edmonton
Rose Blanche-Harbour Le Cou,Newfoundland,CA,,,,roseblancheharbourlecou,NL,false,false,,America/St_Johns
Rose Valley,Saskatchewan,CA,,,,rosevalley,SK,false,false,,America/Regina
Rosebud,Alberta,CA,,,,rosebud,AB,false,false,,America/Edmonton
Rosemere,Quebec,CA,,,,rosemere,QC,false,false,,America/Montreal
Roseneath,Ontario,CA,,,,roseneath,ON,false,false,,America/Toronto
Rosetown,Saskatchewan,CA,,,,rosetown,SK,false,false,,America/Regina
Ross River,Yukon,CA,,,,rossriver,YT,false,false,,America/Whitehorse
Rossburn,Manitoba,CA,,,,rossburn,MB,false,false,,America/Winnipeg
Rosseau,Ontario,CA,,,,rosseau,ON,false,false,,America/Toronto
Rossland,British Columbia,CA,,,,rossland,BC,false,false,,America/Vancouver
Rosthern,Saskatchewan,CA,,,,rosthern,SK,false,false,,America/Regina
Rothesay,New Brunswick,CA,,,,rothesay,NB,false,false,,America/Moncton
Rougemont,Quebec,CA,,,,rougemont,QC,false,false,,America/Montreal
Rouleau,Saskatchewan,CA,,,,rouleau,SK,false,false,,America/Regina
Rouyn-Noranda,Quebec,CA,,,,rouynnoranda,QC,false,false,,America/Montreal
Roxboro,Quebec,CA,,,,roxboro,QC,false,false,,America/Montreal
Roxton Falls,Quebec,CA,,,,roxtonfalls,QC,false,false,,America/Montreal
Roxton Pond,Quebec,CA,,,,roxtonpond,QC,false,false,,America/Montreal
Rumsey,Alberta,CA,,,,rumsey,AB,false,false,,America/Edmonton
Rushoon,Newfoundland,CA,,,,rushoon,NL,false,false,,America/St_Johns
Russell,Manitoba,CA,,,,russell,MB,false,false,,America/Winnipeg
Russell,Ontario,CA,,,,russell,ON,false,false,,America/Toronto
Rusticoville,Prince Edward Island,CA,,,,rusticoville,PE,false,false,,America/Halifax
Ruthven,Ontario,CA,,,,ruthven,ON,false,false,,America/Toronto
Rycroft,Alberta,CA,,,,rycroft,AB,false,false,,America/Edmonton
Ryley,Alberta,CA,,,,ryley,AB,false,false,,America/Edmonton
Saanich,British Columbia,CA,,,,saanich,BC,false,false,,America/Vancouver
Sabrevois,Quebec,CA,,,,sabrevois,QC,false,false,,America/Montreal
Sachigo First Nation Reserve 1,Ontario,CA,,,,sachigofirstnationreserve1,ON,false,false,,America/Toronto
Sackville,New Brunswick,CA,,,,sackville,NB,false,false,,America/Moncton
Sacre Coeur,Quebec,CA,,,,sacrecoeur,QC,false,false,,America/Montreal
Saint Alexandre D`Iberville,Quebec,CA,,,,stalexandrediberville,QC,false,false,,America/Montreal
Saint Alphonse de Granby,Quebec,CA,,,,stalphonsedegranby,QC,false,false,,America/Montreal
Saint Amable,Quebec,CA,,,,stamable,QC,false,false,,America/Montreal
Saint Andrews,New Brunswick,CA,,,,standrews,NB,false,false,,America/Moncton
Saint Antoine Des Laurentides,Quebec,CA,,,,stantoinedeslaurentides,QC,false,false,,America/Montreal
Saint Antoine Sur Richelieu,Quebec,CA,,,,stantoinesurrichelieu,QC,false,false,,America/Montreal
Saint Antonin,Quebec,CA,,,,stantonin,QC,false,false,,America/Montreal
Saint Athanase,Quebec,CA,,,,stathanase,QC,false,false,,America/Montreal
Saint Calixte,Quebec,CA,,,,stcalixte,QC,false,false,,America/Montreal
Saint Charles Borromee,Quebec,CA,,,,stcharlesborromee,QC,false,false,,America/Montreal
Saint Charles Sur Richelieu,Quebec,CA,,,,stcharlessurrichelieu,QC,false,false,,America/Montreal
Saint Christophe D`Arthabaska,Quebec,CA,,,,stchristophedarthabaska,QC,false,false,,America/Montreal
Saint Clair Beach,Ontario,CA,,,,stclairbeach,ON,false,false,,America/Toronto
Saint Colomban,Quebec,CA,,,,stcolomban,QC,false,false,,America/Montreal
Saint Denis De Brompton,Quebec,CA,,,,stdenisdebrompton,QC,false,false,,America/Montreal
Saint Denis Sur Richelieu,Quebec,CA,,,,stdenissurrichelieu,QC,false,false,,America/Montreal
Saint Esprit,Quebec,CA,,,,stesprit,QC,false,false,,America/Montreal
Saint Etienne de Beauharnois,Quebec,CA,,,,stetiennedebeauharnois,QC,false,false,,America/Montreal
Saint Etienne de Lauzon,Quebec,CA,,,,stetiennedelauzon,QC,false,false,,America/Montreal
Saint Gerard Majella,Quebec,CA,,,,stgerardmajella,QC,false,false,,America/Montreal
Saint Isidore de la Prairie,Quebec,CA,,,,stisidoredelaprairie,QC,false,false,,America/Montreal
Saint Jean Baptiste,Quebec,CA,,,,stjeanbaptiste,QC,false,false,,America/Montreal
Saint Jean D`Orleans,Quebec,CA,,,,stjeandorleans,QC,false,false,,America/Montreal
Saint Joachim,Quebec,CA,,,,stjoachim,QC,false,false,,America/Montreal
Saint John,New Brunswick,CA,,,,stjohn,NB,false,false,,America/Moncton
Saint Joseph De La Pointe De L,Quebec,CA,,,,stjosephdelapointedel,QC,false,false,,America/Montreal
Saint Laurent D`Orleans,Quebec,CA,,,,stlaurentdorleans,QC,false,false,,America/Montreal
Saint Lazare De Vaudreuil,Quebec,CA,,,,stlazaredevaudreuil,QC,false,false,,America/Montreal
Saint Lin Laurentides,Quebec,CA,,,,stlinlaurentides,QC,false,false,,America/Montreal
Saint Marc Sur Richelieu,Quebec,CA,,,,stmarcsurrichelieu,QC,false,false,,America/Montreal
Saint Mathias Sur Richelieu,Quebec,CA,,,,stmathiassurrichelieu,QC,false,false,,America/Montreal
Saint Mathieu de Beloeil,Quebec,CA,,,,stmathieudebeloeil,QC,false,false,,America/Montreal
Saint Mathieu de la Prairie,Quebec,CA,,,,stmathieudelaprairie,QC,false,false,,America/Montreal
Saint Maurice,Quebec,CA,,,,stmaurice,QC,false,false,,America/Montreal
Saint Norbert D`Arthabaska,Quebec,CA,,,,stnorbertdarthabaska,QC,false,false,,America/Montreal
Saint Paul D`Industrie,Quebec,CA,,,,stpauldindustrie,QC,false,false,,America/Montreal
Saint Philippe,Quebec,CA,,,,stphilippe,QC,false,false,,America/Montreal
Saint Pierre D`Orleans,Quebec,CA,,,,stpierredorleans,QC,false,false,,America/Montreal
Saint Robert,Quebec,CA,,,,strobert,QC,false,false,,America/Montreal
Saint Roch De L`Achigan,Quebec,CA,,,,strochdelachigan,QC,false,false,,America/Montreal
Saint Roch De Richelieu,Quebec,CA,,,,strochderichelieu,QC,false,false,,America/Montreal
Saint Sulpice,Quebec,CA,,,,stsulpice,QC,false,false,,America/Montreal
Saint Thomas,Quebec,CA,,,,stthomas,QC,false,false,,America/Montreal
Saint Urbain Premier,Quebec,CA,,,,sturbainpremier,QC,false,false,,America/Montreal
Saint Valere,Quebec,CA,,,,stvalere,QC,false,false,,America/Montreal
Saint Victoire de Sorel,Quebec,CA,,,,stvictoiredesorel,QC,false,false,,America/Montreal
Saint-Alexis-de-Montcalm,Quebec,CA,,,,stalexisdemontcalm,QC,false,false,,America/Montreal
Saint-C�me,Quebec,CA,,,,stcme,QC,false,false,,America/Montreal
Saint-Donat,Quebec,CA,,,,stdonat,QC,false,false,,America/Montreal
Saint-�lie,Quebec,CA,,,,stlie,QC,false,false,,America/Montreal
Saint-�lie-d`Orford,Quebec,CA,,,,stliedorford,QC,false,false,,America/Montreal
Saint-Ferdinand,Quebec,CA,,,,stferdinand,QC,false,false,,America/Montreal
Saint-Ferr�ol-les-neiges,Quebec,CA,,,,stferrollesneiges,QC,false,false,,America/Montreal
Saint-Hubert,Quebec,CA,,,,sthubert,QC,false,false,,America/Montreal
Saint-Hyacinthe,Quebec,CA,,,,sthyacinthe,QC,false,false,,America/Montreal
Saint-Michel-des-Saints,Quebec,CA,,,,stmicheldessaints,QC,false,false,,America/Montreal
Sainte Angele De Monnoir,Quebec,CA,,,,steangeledemonnoir,QC,false,false,,America/Montreal
Sainte Ann De Sorel,Quebec,CA,,,,steanndesorel,QC,false,false,,America/Montreal
Sainte Brigide D`Iberville,Quebec,CA,,,,stebrigidediberville,QC,false,false,,America/Montreal
Sainte Cecile De Milton,Quebec,CA,,,,stececiledemilton,QC,false,false,,America/Montreal
Sainte Dorothe�,Quebec,CA,,,,stedorothe,QC,false,false,,America/Montreal
Sainte Famille,Quebec,CA,,,,stefamille,QC,false,false,,America/Montreal
Sainte Marie Salome,Quebec,CA,,,,stemariesalome,QC,false,false,,America/Montreal
Sainte Marthe Du Cap,Quebec,CA,,,,stemartheducap,QC,false,false,,America/Montreal
Sainte Sophie,Quebec,CA,,,,stesophie,QC,false,false,,America/Montreal
Sainte Therese De Blainville,Quebec,CA,,,,stetheresedeblainville,QC,false,false,,America/Montreal
Salaberry-de-Valleyfield,Quebec,CA,,,,salaberrydevalleyfield,QC,false,false,,America/Montreal
Salem,Ontario,CA,,,,salem,ON,false,false,,America/Toronto
Salisbury,New Brunswick,CA,,,,salisbury,NB,false,false,,America/Moncton
Salluit,Quebec,CA,,,,salluit,QC,false,false,,America/Montreal
Salmo,British Columbia,CA,,,,salmo,BC,false,false,,America/Vancouver
Salmon Arm,British Columbia,CA,,,,salmonarm,BC,false,false,,America/Vancouver
Salmon Cove,Newfoundland,CA,,,,salmoncove,NL,false,false,,America/St_Johns
Salmon Valley,British Columbia,CA,,,,salmonvalley,BC,false,false,,America/Vancouver
Salt Springs,Nova Scotia,CA,,,,saltsprings,NS,false,false,,America/Halifax
Saltcoats,Saskatchewan,CA,,,,saltcoats,SK,false,false,,America/Regina
Salvage,Newfoundland,CA,,,,salvage,NL,false,false,,America/St_Johns
Sandspit,British Columbia,CA,,,,sandspit,BC,false,false,,America/Vancouver
Sandwich,Ontario,CA,,,,sandwich,ON,false,false,,America/Toronto
Sandy Bay,Saskatchewan,CA,,,,sandybay,SK,false,false,,America/Regina
Sandy Cove Acres,Ontario,CA,,,,sandycoveacres,ON,false,false,,America/Toronto
Sandy Lake,Manitoba,CA,,,,sandylake,MB,false,false,,America/Winnipeg
Sandy Lake,Ontario,CA,,,,sandylake,ON,false,false,,America/Toronto
Sandy Lake First Nation,Ontario,CA,,,,sandylakefirstnation,ON,false,false,,America/Toronto
Sanford,Manitoba,CA,,,,sanford,MB,false,false,,America/Winnipeg
Sangudo,Alberta,CA,,,,sangudo,AB,false,false,,America/Edmonton
Sanmaur,Quebec,CA,,,,sanmaur,QC,false,false,,America/Montreal
Sapawe,Ontario,CA,,,,sapawe,ON,false,false,,America/Toronto
Sarnia,Ontario,CA,,,,sarnia,ON,false,false,,America/Toronto
Saskatchewan River Crossing,Alberta,CA,,,,saskatchewanrivercrossing,AB,false,false,,America/Edmonton
Saskatoon,Saskatchewan,CA,,,,saskatoon,SK,false,true,,America/Regina
Sauble Beach,Ontario,CA,,,,saublebeach,ON,false,false,,America/Toronto
Saugeen First Nation,Ontario,CA,,,,saugeenfirstnation,ON,false,false,,America/Toronto
Saulnierville,Nova Scotia,CA,,,,saulnierville,NS,false,false,,America/Halifax
Sault Ste. Marie,Ontario,CA,,,,saultstemarie,ON,false,false,,America/Toronto
Sault-au-Mouton,Quebec,CA,,,,saultaumouton,QC,false,false,,America/Montreal
Savant Lake,Ontario,CA,,,,savantlake,ON,false,false,,America/Toronto
Savona,British Columbia,CA,,,,savona,BC,false,false,,America/Vancouver
Sawyerville,Quebec,CA,,,,sawyerville,QC,false,false,,America/Montreal
Sayabec,Quebec,CA,,,,sayabec,QC,false,false,,America/Montreal
Sayward,British Columbia,CA,,,,sayward,BC,false,false,,America/Vancouver
Scarborough,Ontario,CA,,,,scarborough,ON,false,false,,America/Toronto
Sceptre,Saskatchewan,CA,,,,sceptre,SK,false,false,,America/Regina
Schefferville,Quebec,CA,,,,schefferville,QC,false,false,,America/Montreal
Schomberg,Ontario,CA,,,,schomberg,ON,false,false,,America/Toronto
Schreiber,Ontario,CA,,,,schreiber,ON,false,false,,America/Toronto
Schuler,Alberta,CA,,,,schuler,AB,false,false,,America/Edmonton
Scotland,Ontario,CA,,,,scotland,ON,false,false,,America/Toronto
Scotstown,Quebec,CA,,,,scotstown,QC,false,false,,America/Montreal
Scott,Saskatchewan,CA,,,,scott,SK,false,false,,America/Regina
Seaforth,Ontario,CA,,,,seaforth,ON,false,false,,America/Toronto
Seal Cove,Newfoundland,CA,,,,sealcove,NL,false,false,,America/St_Johns
Searchmont,Ontario,CA,,,,searchmont,ON,false,false,,America/Toronto
Seba Beach,Alberta,CA,,,,sebabeach,AB,false,false,,America/Edmonton
Sebright,Ontario,CA,,,,sebright,ON,false,false,,America/Toronto
Sebringville,Ontario,CA,,,,sebringville,ON,false,false,,America/Toronto
Sechelt,British Columbia,CA,,,,sechelt,BC,false,false,,America/Vancouver
Sedgewick,Alberta,CA,,,,sedgewick,AB,false,false,,America/Edmonton
Sedley,Saskatchewan,CA,,,,sedley,SK,false,false,,America/Regina
Seeleys Bay,Ontario,CA,,,,seeleysbay,ON,false,false,,America/Toronto
Selby,Ontario,CA,,,,selby,ON,false,false,,America/Toronto
Seldom-Little Seldom,Newfoundland,CA,,,,seldomlittleseldom,NL,false,false,,America/St_Johns
Selkirk,Manitoba,CA,,,,selkirk,MB,false,false,,America/Winnipeg
Selkirk,Ontario,CA,,,,selkirk,ON,false,false,,America/Toronto
Semans,Saskatchewan,CA,,,,semans,SK,false,false,,America/Regina
Senneterre,Quebec,CA,,,,senneterre,QC,false,false,,America/Montreal
Senneville,Quebec,CA,,,,senneville,QC,false,false,,America/Montreal
Sept-Iles,Quebec,CA,,,,septiles,QC,false,false,,America/Montreal
Serpent River First Nation,Ontario,CA,,,,serpentriverfirstnation,ON,false,false,,America/Toronto
Seven Persons,Alberta,CA,,,,sevenpersons,AB,false,false,,America/Edmonton
Severn Bridge,Ontario,CA,,,,severnbridge,ON,false,false,,America/Toronto
Sexsmith,Alberta,CA,,,,sexsmith,AB,false,false,,America/Edmonton
Shakespeare,Ontario,CA,,,,shakespeare,ON,false,false,,America/Toronto
Shalalth,British Columbia,CA,,,,shalalth,BC,false,false,,America/Vancouver
Shamattawa,Manitoba,CA,,,,shamattawa,MB,false,false,,America/Winnipeg
Shannonville,Ontario,CA,,,,shannonville,ON,false,false,,America/Toronto
Sharbot Lake,Ontario,CA,,,,sharbotlake,ON,false,false,,America/Toronto
Shaunavon,Saskatchewan,CA,,,,shaunavon,SK,false,false,,America/Regina
Shawanaga First Nation,Ontario,CA,,,,shawanagafirstnation,ON,false,false,,America/Toronto
Shawbridge,Quebec,CA,,,,shawbridge,QC,false,false,,America/Montreal
Shawinigan,Quebec,CA,,,,shawinigan,QC,false,false,,America/Montreal
Shawinigan-Sud,Quebec,CA,,,,shawinigansud,QC,false,false,,America/Montreal
Shawville,Quebec,CA,,,,shawville,QC,false,false,,America/Montreal
Shebandowan,Ontario,CA,,,,shebandowan,ON,false,false,,America/Toronto
Shedden,Ontario,CA,,,,shedden,ON,false,false,,America/Toronto
Shediac,New Brunswick,CA,,,,shediac,NB,false,false,,America/Moncton
Shefford,Quebec,CA,,,,shefford,QC,false,false,,America/Montreal
Sheho,Saskatchewan,CA,,,,sheho,SK,false,false,,America/Regina
Shelburne,Nova Scotia,CA,,,,shelburne,NS,false,false,,America/Halifax
Shelburne,Ontario,CA,,,,shelburne,ON,false,false,,America/Toronto
Shell Lake,Saskatchewan,CA,,,,shelllake,SK,false,false,,America/Regina
Shellbrook,Saskatchewan,CA,,,,shellbrook,SK,false,false,,America/Regina
Sherbrooke,Nova Scotia,CA,,,,sherbrooke,NS,false,true,,America/Halifax
Sherbrooke,Quebec,CA,,,,sherbrooke,QC,false,true,,America/Montreal
Sherwood Park,Alberta,CA,,,,sherwoodpark,AB,false,false,,America/Edmonton
Shigawake,Quebec,CA,,,,shigawake,QC,false,false,,America/Montreal
Shilo,Manitoba,CA,,,,shilo,MB,false,false,,America/Winnipeg
Shippagan,New Brunswick,CA,,,,shippagan,NB,false,false,,America/Moncton
Shipshaw,Quebec,CA,,,,shipshaw,QC,false,false,,America/Montreal
Shoal Lake,Manitoba,CA,,,,shoallake,MB,false,false,,America/Winnipeg
Shubenacadie,Nova Scotia,CA,,,,shubenacadie,NS,false,false,,America/Halifax
Sibbald,Alberta,CA,,,,sibbald,AB,false,false,,America/Edmonton
Sicamous,British Columbia,CA,,,,sicamous,BC,false,false,,America/Vancouver
Sidney,British Columbia,CA,,,,sidney,BC,false,false,,America/Vancouver
Sidney,Manitoba,CA,,,,sidney,MB,false,false,,America/Winnipeg
Sifton,Manitoba,CA,,,,sifton,MB,false,false,,America/Winnipeg
Sillery,Quebec,CA,,,,sillery,QC,false,false,,America/Montreal
Silver Valley,Alberta,CA,,,,silvervalley,AB,false,false,,America/Edmonton
Silver Water,Ontario,CA,,,,silverwater,ON,false,false,,America/Toronto
Simcoe,Ontario,CA,,,,simcoe,ON,false,false,,America/Toronto
Simpson,Saskatchewan,CA,,,,simpson,SK,false,false,,America/Regina
Sintaluta,Saskatchewan,CA,,,,sintaluta,SK,false,false,,America/Regina
Sioux Lookout,Ontario,CA,,,,siouxlookout,ON,false,false,,America/Toronto
Sioux Narrows,Ontario,CA,,,,siouxnarrows,ON,false,false,,America/Toronto
Six Nations of the Grand River,Ontario,CA,,,,sixnationsofthegrandriver,ON,false,false,,America/Toronto
Skookumchuck,British Columbia,CA,,,,skookumchuck,BC,false,false,,America/Vancouver
Slave Lake,Alberta,CA,,,,slavelake,AB,false,false,,America/Edmonton
Slocan,British Columbia,CA,,,,slocan,BC,false,false,,America/Vancouver
Small Point-Broad Cove-Blackhe,Newfoundland,CA,,,,smallpointbroadcoveblackhe,NL,false,false,,America/St_Johns
Smeaton,Saskatchewan,CA,,,,smeaton,SK,false,false,,America/Regina
Smiley,Saskatchewan,CA,,,,smiley,SK,false,false,,America/Regina
Smith,Alberta,CA,,,,smith,AB,false,false,,America/Edmonton
Smithers,British Columbia,CA,,,,smithers,BC,false,false,,America/Vancouver
Smiths Falls,Ontario,CA,,,,smithsfalls,ON,false,false,,America/Toronto
Smithville,Ontario,CA,,,,smithville,ON,false,false,,America/Toronto
Smoky Lake,Alberta,CA,,,,smokylake,AB,false,false,,America/Edmonton
Smooth Rock Falls,Ontario,CA,,,,smoothrockfalls,ON,false,false,,America/Toronto
Snelgrove,Ontario,CA,,,,snelgrove,ON,false,false,,America/Toronto
Snow Lake,Manitoba,CA,,,,snowlake,MB,false,false,,America/Winnipeg
Snowflake,Manitoba,CA,,,,snowflake,MB,false,false,,America/Winnipeg
Sointula,British Columbia,CA,,,,sointula,BC,false,false,,America/Vancouver
Sombra,Ontario,CA,,,,sombra,ON,false,false,,America/Toronto
Somerset,Manitoba,CA,,,,somerset,MB,false,false,,America/Winnipeg
Sooke,British Columbia,CA,,,,sooke,BC,false,false,,America/Vancouver
Sorel-Tracy,Quebec,CA,,,,soreltracy,QC,false,false,,America/Montreal
Sorrento,British Columbia,CA,,,,sorrento,BC,false,false,,America/Vancouver
Souris,Manitoba,CA,,,,souris,MB,false,false,,America/Winnipeg
Souris,Prince Edward Island,CA,,,,souris,PE,false,false,,America/Halifax
South Brook,Newfoundland,CA,,,,southbrook,NL,false,false,,America/St_Johns
South Indian Lake,Manitoba,CA,,,,southindianlake,MB,false,false,,America/Winnipeg
South Lake,Prince Edward Island,CA,,,,southlake,PE,false,false,,America/Halifax
South Mountain,Ontario,CA,,,,southmountain,ON,false,false,,America/Toronto
South River,Newfoundland,CA,,,,southriver,NL,false,false,,America/St_Johns
South River,Ontario,CA,,,,southriver,ON,false,false,,America/Toronto
South Slocan,British Columbia,CA,,,,southslocan,BC,false,false,,America/Vancouver
Southampton,Nova Scotia,CA,,,,southampton,NS,false,false,,America/Halifax
Southampton,Ontario,CA,,,,southampton,ON,false,false,,America/Toronto
Southend,Saskatchewan,CA,,,,southend,SK,false,false,,America/Regina
Southern Harbour,Newfoundland,CA,,,,southernharbour,NL,false,false,,America/St_Johns
Southey,Saskatchewan,CA,,,,southey,SK,false,false,,America/Regina
Spalding,Saskatchewan,CA,,,,spalding,SK,false,false,,America/Regina
Spaniard`s Bay,Newfoundland,CA,,,,spaniardsbay,NL,false,false,,America/St_Johns
Spanish,Ontario,CA,,,,spanish,ON,false,false,,America/Toronto
Sparta,Ontario,CA,,,,sparta,ON,false,false,,America/Toronto
Sparwood,British Columbia,CA,,,,sparwood,BC,false,false,,America/Vancouver
Speers,Saskatchewan,CA,,,,speers,SK,false,false,,America/Regina
Spencerville,Ontario,CA,,,,spencerville,ON,false,false,,America/Toronto
Spences Bridge,British Columbia,CA,,,,spencesbridge,BC,false,false,,America/Vancouver
Sperling,Manitoba,CA,,,,sperling,MB,false,false,,America/Winnipeg
Spillimacheen,British Columbia,CA,,,,spillimacheen,BC,false,false,,America/Vancouver
Spirit River,Alberta,CA,,,,spiritriver,AB,false,false,,America/Edmonton
Spiritwood,Saskatchewan,CA,,,,spiritwood,SK,false,false,,America/Regina
Split Lake,Manitoba,CA,,,,splitlake,MB,false,false,,America/Winnipeg
Spotted Island,Newfoundland,CA,,,,spottedisland,NL,false,false,,America/St_Johns
Sprague,Manitoba,CA,,,,sprague,MB,false,false,,America/Winnipeg
Springdale,Newfoundland,CA,,,,springdale,NL,false,false,,America/St_Johns
Springfield,New Brunswick,CA,,,,springfield,NB,false,false,,America/Moncton
Springfield,Nova Scotia,CA,,,,springfield,NS,false,false,,America/Halifax
Springhill,Nova Scotia,CA,,,,springhill,NS,false,false,,America/Halifax
Springside,Saskatchewan,CA,,,,springside,SK,false,false,,America/Regina
Spruce Grove,Alberta,CA,,,,sprucegrove,AB,false,false,,America/Edmonton
Spruce View,Alberta,CA,,,,spruceview,AB,false,false,,America/Edmonton
Sprucedale,Ontario,CA,,,,sprucedale,ON,false,false,,America/Toronto
Spy Hill,Saskatchewan,CA,,,,spyhill,SK,false,false,,America/Regina
Squamish,British Columbia,CA,,,,squamish,BC,false,false,,America/Vancouver
Squatec,Quebec,CA,,,,squatec,QC,false,false,,America/Montreal
St-Adelphe,Quebec,CA,,,,stadelphe,QC,false,false,,America/Montreal
St-Adolphe-de-Dudswell,Quebec,CA,,,,stadolphededudswell,QC,false,false,,America/Montreal
St-Adolphe-d`Howard,Quebec,CA,,,,stadolphedhoward,QC,false,false,,America/Montreal
St-Agapit,Quebec,CA,,,,stagapit,QC,false,false,,America/Montreal
St-Aime,Quebec,CA,,,,staime,QC,false,false,,America/Montreal
St-Albert,Quebec,CA,,,,stalbert,QC,false,false,,America/Montreal
St-Alexandre-de-Kamouraska,Quebec,CA,,,,stalexandredekamouraska,QC,false,false,,America/Montreal
St-Alexis-de-Matapedia,Quebec,CA,,,,stalexisdematapedia,QC,false,false,,America/Montreal
St-Alexis-des-Monts,Quebec,CA,,,,stalexisdesmonts,QC,false,false,,America/Montreal
St-Alphonse-Rodriguez,Quebec,CA,,,,stalphonserodriguez,QC,false,false,,America/Montreal
St-Andre,Quebec,CA,,,,standre,QC,false,false,,America/Montreal
St-Andre-Avellin,Quebec,CA,,,,standreavellin,QC,false,false,,America/Montreal
St-Andre-du-Lac-St-Jean,Quebec,CA,,,,standredulacstjean,QC,false,false,,America/Montreal
St-Andre-Est,Quebec,CA,,,,standreest,QC,false,false,,America/Montreal
St-Anselme,Quebec,CA,,,,stanselme,QC,false,false,,America/Montreal
St-Antoine,New Brunswick,CA,,,,stantoine,NB,false,false,,America/Moncton
St-Antoine,Quebec,CA,,,,stantoine,QC,false,false,,America/Montreal
St-Antoine-de-Tilly,Quebec,CA,,,,stantoinedetilly,QC,false,false,,America/Montreal
St-Apollinaire,Quebec,CA,,,,stapollinaire,QC,false,false,,America/Montreal
St-Augustin-de-Desmaures,Quebec,CA,,,,staugustindedesmaures,QC,false,false,,America/Montreal
St-Barnabe,Quebec,CA,,,,stbarnabe,QC,false,false,,America/Montreal
St-Barthelemy,Quebec,CA,,,,stbarthelemy,QC,false,false,,America/Montreal
St-Basile,New Brunswick,CA,,,,stbasile,NB,false,false,,America/Moncton
St-Basile-le-Grand,Quebec,CA,,,,stbasilelegrand,QC,false,false,,America/Montreal
St-Basile-Sud,Quebec,CA,,,,stbasilesud,QC,false,false,,America/Montreal
St-Blaise-sur-Richelieu,Quebec,CA,,,,stblaisesurrichelieu,QC,false,false,,America/Montreal
St-Boniface-de-Shawinigan,Quebec,CA,,,,stbonifacedeshawinigan,QC,false,false,,America/Montreal
St-Bruno,Quebec,CA,,,,stbruno,QC,false,false,,America/Montreal
St-Bruno-de-Montarville,Quebec,CA,,,,stbrunodemontarville,QC,false,false,,America/Montreal
St-Calixte-de-Kilkenny,Quebec,CA,,,,stcalixtedekilkenny,QC,false,false,,America/Montreal
St-Casimir,Quebec,CA,,,,stcasimir,QC,false,false,,America/Montreal
St-Celestin,Quebec,CA,,,,stcelestin,QC,false,false,,America/Montreal
St-Cesaire,Quebec,CA,,,,stcesaire,QC,false,false,,America/Montreal
St-Charles-de-Bellechasse,Quebec,CA,,,,stcharlesdebellechasse,QC,false,false,,America/Montreal
St-Chrysostome,Quebec,CA,,,,stchrysostome,QC,false,false,,America/Montreal
St-Clet,Quebec,CA,,,,stclet,QC,false,false,,America/Montreal
St-Constant,Quebec,CA,,,,stconstant,QC,false,false,,America/Montreal
St-Cyrille-de-Wendover,Quebec,CA,,,,stcyrilledewendover,QC,false,false,,America/Montreal
St-Damase,Quebec,CA,,,,stdamase,QC,false,false,,America/Montreal
St-Damien-de-Buckland,Quebec,CA,,,,stdamiendebuckland,QC,false,false,,America/Montreal
St-Denis,Quebec,CA,,,,stdenis,QC,false,false,,America/Montreal
St-Edouard-de-Lotbiniere,Quebec,CA,,,,stedouarddelotbiniere,QC,false,false,,America/Montreal
St-Eleuthere,Quebec,CA,,,,steleuthere,QC,false,false,,America/Montreal
St-Emile,Quebec,CA,,,,stemile,QC,false,false,,America/Montreal
St-Emile-de-Suffolk,Quebec,CA,,,,stemiledesuffolk,QC,false,false,,America/Montreal
St-Ephrem-de-Beauce,Quebec,CA,,,,stephremdebeauce,QC,false,false,,America/Montreal
St-Ephrem-de-Tring,Quebec,CA,,,,stephremdetring,QC,false,false,,America/Montreal
St-Eugene,Ontario,CA,,,,steugene,ON,false,false,,America/Toronto
St-Eugene-de-Guigues,Quebec,CA,,,,steugenedeguigues,QC,false,false,,America/Montreal
St-Eustache,Quebec,CA,,,,steustache,QC,false,false,,America/Montreal
St-Fabien-de-Panet,Quebec,CA,,,,stfabiendepanet,QC,false,false,,America/Montreal
St-Felicien,Quebec,CA,,,,stfelicien,QC,false,false,,America/Montreal
St-Felix-de-Kingsey,Quebec,CA,,,,stfelixdekingsey,QC,false,false,,America/Montreal
St-Felix-de-Valois,Quebec,CA,,,,stfelixdevalois,QC,false,false,,America/Montreal
St-Fidele-de-Mont-Murray,Quebec,CA,,,,stfideledemontmurray,QC,false,false,,America/Montreal
St-Flavien,Quebec,CA,,,,stflavien,QC,false,false,,America/Montreal
St-Francois-du-Lac,Quebec,CA,,,,stfrancoisdulac,QC,false,false,,America/Montreal
St-Fulgence,Quebec,CA,,,,stfulgence,QC,false,false,,America/Montreal
St-Gabriel,Quebec,CA,,,,stgabriel,QC,false,false,,America/Montreal
St-Gabriel-de-Brandon,Quebec,CA,,,,stgabrieldebrandon,QC,false,false,,America/Montreal
St-Gedeon,Quebec,CA,,,,stgedeon,QC,false,false,,America/Montreal
St-Georges,Quebec,CA,,,,stgeorges,QC,false,false,,America/Montreal
St-Georges-de-Beauce,Quebec,CA,,,,stgeorgesdebeauce,QC,false,false,,America/Montreal
St-Georges-de-Cacouna,Quebec,CA,,,,stgeorgesdecacouna,QC,false,false,,America/Montreal
St-Gerard,Quebec,CA,,,,stgerard,QC,false,false,,America/Montreal
St-Germain-de-Grantham,Quebec,CA,,,,stgermaindegrantham,QC,false,false,,America/Montreal
St-Gregoire-de-Greenlay,Quebec,CA,,,,stgregoiredegreenlay,QC,false,false,,America/Montreal
St-Guillaume,Quebec,CA,,,,stguillaume,QC,false,false,,America/Montreal
St-Hilarion,Quebec,CA,,,,sthilarion,QC,false,false,,America/Montreal
St-Hippolyte,Quebec,CA,,,,sthippolyte,QC,false,false,,America/Montreal
St-Honore-de-Beauce,Quebec,CA,,,,sthonoredebeauce,QC,false,false,,America/Montreal
St-Honore-de-Chicoutimi,Quebec,CA,,,,sthonoredechicoutimi,QC,false,false,,America/Montreal
St-Hugues,Quebec,CA,,,,sthugues,QC,false,false,,America/Montreal
St-Irenee,Quebec,CA,,,,stirenee,QC,false,false,,America/Montreal
St-Isidore,New Brunswick,CA,,,,stisidore,NB,false,false,,America/Moncton
St-Jacques,Quebec,CA,,,,stjacques,QC,false,false,,America/Montreal
St-Jean-Chrysostome,Quebec,CA,,,,stjeanchrysostome,QC,false,false,,America/Montreal
St-Jean-de-Dieu,Quebec,CA,,,,stjeandedieu,QC,false,false,,America/Montreal
St-Jean-de-Matha,Quebec,CA,,,,stjeandematha,QC,false,false,,America/Montreal
St-Jean-Port-Joli,Quebec,CA,,,,stjeanportjoli,QC,false,false,,America/Montreal
St-Jean-sur-Richelieu,Quebec,CA,,,,stjeansurrichelieu,QC,false,false,,America/Montreal
St-Jerome,Quebec,CA,,,,stjerome,QC,false,false,,America/Montreal
St-Joseph-de-Beauce,Quebec,CA,,,,stjosephdebeauce,QC,false,false,,America/Montreal
St-Joseph-de-la-Rive,Quebec,CA,,,,stjosephdelarive,QC,false,false,,America/Montreal
St-Joseph-de-Sorel,Quebec,CA,,,,stjosephdesorel,QC,false,false,,America/Montreal
St-Jovite,Quebec,CA,,,,stjovite,QC,false,false,,America/Montreal
St-Jude,Quebec,CA,,,,stjude,QC,false,false,,America/Montreal
St-Just-de-Bretenieres,Quebec,CA,,,,stjustdebretenieres,QC,false,false,,America/Montreal
St-Lambert,Quebec,CA,,,,stlambert,QC,false,false,,America/Montreal
St-Lambert-de-Lauzon,Quebec,CA,,,,stlambertdelauzon,QC,false,false,,America/Montreal
St-Laurent,Quebec,CA,,,,stlaurent,QC,false,false,,America/Montreal
St-Leon-le-Grand,Quebec,CA,,,,stleonlegrand,QC,false,false,,America/Montreal
St-Leonard,Quebec,CA,,,,stleonard,QC,false,false,,America/Montreal
St-Leonard-d`Aston,Quebec,CA,,,,stleonarddaston,QC,false,false,,America/Montreal
St-Liboire,Quebec,CA,,,,stliboire,QC,false,false,,America/Montreal
St-Lin,Quebec,CA,,,,stlin,QC,false,false,,America/Montreal
St-Louis de Kent,New Brunswick,CA,,,,stlouisdekent,NB,false,false,,America/Moncton
St-Louis-de-France,Quebec,CA,,,,stlouisdefrance,QC,false,false,,America/Montreal
St-Luc,Quebec,CA,,,,stluc,QC,false,false,,America/Montreal
St-Ludger,Quebec,CA,,,,stludger,QC,false,false,,America/Montreal
St-Magloire,Quebec,CA,,,,stmagloire,QC,false,false,,America/Montreal
St-Malachie,Quebec,CA,,,,stmalachie,QC,false,false,,America/Montreal
St-Malo,Quebec,CA,,,,stmalo,QC,false,false,,America/Montreal
St-Marc-des-Carrieres,Quebec,CA,,,,stmarcdescarrieres,QC,false,false,,America/Montreal
St-Methode-de-Frontenac,Quebec,CA,,,,stmethodedefrontenac,QC,false,false,,America/Montreal
St-Michel-de-Bellechasse,Quebec,CA,,,,stmicheldebellechasse,QC,false,false,,America/Montreal
St-Moose,Quebec,CA,,,,stmoose,QC,false,false,,America/Montreal
St-Nazaire-d`Acton,Quebec,CA,,,,stnazairedacton,QC,false,false,,America/Montreal
St-Nicolas,Quebec,CA,,,,stnicolas,QC,false,false,,America/Montreal
St-Noel,Quebec,CA,,,,stnoel,QC,false,false,,America/Montreal
St-Odilon-de-Cranbourne,Quebec,CA,,,,stodilondecranbourne,QC,false,false,,America/Montreal
St-Ours,Quebec,CA,,,,stours,QC,false,false,,America/Montreal
St-Pacome,Quebec,CA,,,,stpacome,QC,false,false,,America/Montreal
St-Pamphile,Quebec,CA,,,,stpamphile,QC,false,false,,America/Montreal
St-Pascal,Quebec,CA,,,,stpascal,QC,false,false,,America/Montreal
St-Patrice-de-Beaurivage,Quebec,CA,,,,stpatricedebeaurivage,QC,false,false,,America/Montreal
St-Paul-de-Montminy,Quebec,CA,,,,stpauldemontminy,QC,false,false,,America/Montreal
St-Paul-d`Abbotsford,Quebec,CA,,,,stpauldabbotsford,QC,false,false,,America/Montreal
St-Paulin,Quebec,CA,,,,stpaulin,QC,false,false,,America/Montreal
St-Philippe-de-Neri,Quebec,CA,,,,stphilippedeneri,QC,false,false,,America/Montreal
St-Pie,Quebec,CA,,,,stpie,QC,false,false,,America/Montreal
St-Pie-de-Guire,Quebec,CA,,,,stpiedeguire,QC,false,false,,America/Montreal
St-Pierre,Quebec,CA,,,,stpierre,QC,false,false,,America/Montreal
St-Pierre-de-Wakefield,Quebec,CA,,,,stpierredewakefield,QC,false,false,,America/Montreal
St-Pierre-Jolys,Manitoba,CA,,,,stpierrejolys,MB,false,false,,America/Winnipeg
St-Pierre-les-Becquets,Quebec,CA,,,,stpierrelesbecquets,QC,false,false,,America/Montreal
St-Polycarpe,Quebec,CA,,,,stpolycarpe,QC,false,false,,America/Montreal
St-Prime,Quebec,CA,,,,stprime,QC,false,false,,America/Montreal
St-Prosper-de-Dorchester,Quebec,CA,,,,stprosperdedorchester,QC,false,false,,America/Montreal
St-Quentin,New Brunswick,CA,,,,stquentin,NB,false,false,,America/Moncton
St-Raymond,Quebec,CA,,,,straymond,QC,false,false,,America/Montreal
St-Redempteur,Quebec,CA,,,,stredempteur,QC,false,false,,America/Montreal
St-Remi,Quebec,CA,,,,stremi,QC,false,false,,America/Montreal
St-Rene-de-Matane,Quebec,CA,,,,strenedematane,QC,false,false,,America/Montreal
St-Roch-de-Mekinac,Quebec,CA,,,,strochdemekinac,QC,false,false,,America/Montreal
St-Roch-des-Aulnaies,Quebec,CA,,,,strochdesaulnaies,QC,false,false,,America/Montreal
St-Romuald,Quebec,CA,,,,stromuald,QC,false,false,,America/Montreal
St-Sauveur,Quebec,CA,,,,stsauveur,QC,false,false,,America/Montreal
St-Sauveur-des-Monts,Quebec,CA,,,,stsauveurdesmonts,QC,false,false,,America/Montreal
St-Simeon,Quebec,CA,,,,stsimeon,QC,false,false,,America/Montreal
St-Simon-de-Bagot,Quebec,CA,,,,stsimondebagot,QC,false,false,,America/Montreal
St-Simon-de-Rimouski,Quebec,CA,,,,stsimonderimouski,QC,false,false,,America/Montreal
St-Sylvere,Quebec,CA,,,,stsylvere,QC,false,false,,America/Montreal
St-Sylvestre,Quebec,CA,,,,stsylvestre,QC,false,false,,America/Montreal
St-Theophile,Quebec,CA,,,,sttheophile,QC,false,false,,America/Montreal
St-Thomas-d`Aquin,Quebec,CA,,,,stthomasdaquin,QC,false,false,,America/Montreal
St-Timothee,Quebec,CA,,,,sttimothee,QC,false,false,,America/Montreal
St-Tite,Quebec,CA,,,,sttite,QC,false,false,,America/Montreal
St-Tite-des-Caps,Quebec,CA,,,,sttitedescaps,QC,false,false,,America/Montreal
St-Ubalde,Quebec,CA,,,,stubalde,QC,false,false,,America/Montreal
St-Ulric,Quebec,CA,,,,stulric,QC,false,false,,America/Montreal
St-Urbain,Quebec,CA,,,,sturbain,QC,false,false,,America/Montreal
St-Victor,Quebec,CA,,,,stvictor,QC,false,false,,America/Montreal
St-Wenceslas,Quebec,CA,,,,stwenceslas,QC,false,false,,America/Montreal
St-Zacharie,Quebec,CA,,,,stzacharie,QC,false,false,,America/Montreal
St-Zenon,Quebec,CA,,,,stzenon,QC,false,false,,America/Montreal
St-Zephirin,Quebec,CA,,,,stzephirin,QC,false,false,,America/Montreal
St-Zotique,Quebec,CA,,,,stzotique,QC,false,false,,America/Montreal
St. Alban`s,Newfoundland,CA,,,,stalbans,NL,false,false,,America/St_Johns
St. Albert,Alberta,CA,,,,stalbert,AB,false,false,,America/Edmonton
St. Ambroise de Chicoutimi,Quebec,CA,,,,stambroisedechicoutimi,QC,false,false,,America/Montreal
St. Anthony,Newfoundland,CA,,,,stanthony,NL,false,false,,America/St_Johns
St. Basile de Portneuf,Quebec,CA,,,,stbasiledeportneuf,QC,false,false,,America/Montreal
St. Benedict,Saskatchewan,CA,,,,stbenedict,SK,false,false,,America/Regina
St. Bernard de Dorchester,Quebec,CA,,,,stbernarddedorchester,QC,false,false,,America/Montreal
St. Bernard`s-Jacques Fontaine,Newfoundland,CA,,,,stbernardsjacquesfontaine,NL,false,false,,America/St_Johns
St. Brendan`s,Newfoundland,CA,,,,stbrendans,NL,false,false,,America/St_Johns
St. Bride`s,Newfoundland,CA,,,,stbrides,NL,false,false,,America/St_Johns
St. Brieux,Saskatchewan,CA,,,,stbrieux,SK,false,false,,America/Regina
St. Catharines,Ontario,CA,,,,stcatharines,ON,false,true,,America/Toronto
St. Charles,Ontario,CA,,,,stcharles,ON,false,false,,America/Toronto
St. Claude,Manitoba,CA,,,,stclaude,MB,false,false,,America/Winnipeg
St. Clements,Ontario,CA,,,,stclements,ON,false,false,,America/Toronto
St. Come de Kennebec,Quebec,CA,,,,stcomedekennebec,QC,false,false,,America/Montreal
St. Davids,Ontario,CA,,,,stdavids,ON,false,false,,America/Toronto
St. Edouard de Frampton,Quebec,CA,,,,stedouarddeframpton,QC,false,false,,America/Montreal
St. Fabien de Rimouski,Quebec,CA,,,,stfabienderimouski,QC,false,false,,America/Montreal
St. Ferdinand d`Halifax,Quebec,CA,,,,stferdinanddhalifax,QC,false,false,,America/Montreal
St. Fidele,Quebec,CA,,,,stfidele,QC,false,false,,America/Montreal
St. Francois Xavier,Manitoba,CA,,,,stfrancoisxavier,MB,false,false,,America/Winnipeg
St. Gabriel de Rimouski,Quebec,CA,,,,stgabrielderimouski,QC,false,false,,America/Montreal
St. Gedeon de Beauce,Quebec,CA,,,,stgedeondebeauce,QC,false,false,,America/Montreal
St. George,New Brunswick,CA,,,,stgeorge,NB,false,false,,America/Moncton
St. George,Ontario,CA,,,,stgeorge,ON,false,false,,America/Toronto
St. George`s,Newfoundland,CA,,,,stgeorges,NL,false,false,,America/St_Johns
St. Gregoire de Nicolet,Quebec,CA,,,,stgregoiredenicolet,QC,false,false,,America/Montreal
St. Gregor,Saskatchewan,CA,,,,stgregor,SK,false,false,,America/Regina
St. Henri de Levis,Quebec,CA,,,,sthenridelevis,QC,false,false,,America/Montreal
St. Honore,Quebec,CA,,,,sthonore,QC,false,false,,America/Montreal
St. Isidore de Prescott,Ontario,CA,,,,stisidoredeprescott,ON,false,false,,America/Toronto
St. Jacobs,Ontario,CA,,,,stjacobs,ON,false,false,,America/Toronto
St. Jacques-Coomb`s Cove,Newfoundland,CA,,,,stjacquescoombscove,NL,false,false,,America/St_Johns
St. Jean Baptiste,Manitoba,CA,,,,stjeanbaptiste,MB,false,false,,America/Winnipeg
St. John`s,Newfoundland,CA,,,,stjohns,NL,false,false,,America/St_Johns
St. Laurent,Manitoba,CA,,,,stlaurent,MB,false,false,,America/Winnipeg
St. Lawrence,Newfoundland,CA,,,,stlawrence,NL,false,false,,America/St_Johns
St. Lazare,Manitoba,CA,,,,stlazare,MB,false,false,,America/Winnipeg
St. Leon De Chic.,Quebec,CA,,,,stleondechic,QC,false,false,,America/Montreal
St. Leonard,New Brunswick,CA,,,,stleonard,NB,false,false,,America/Moncton
St. Lewis,Newfoundland,CA,,,,stlewis,NL,false,false,,America/St_Johns
St. Louis,Saskatchewan,CA,,,,stlouis,SK,false,false,,America/Regina
St. Lunaire-Griquet,Newfoundland,CA,,,,stlunairegriquet,NL,false,false,,America/St_Johns
St. Margaret Village,Nova Scotia,CA,,,,stmargaretvillage,NS,false,false,,America/Halifax
St. Martin de Beauce,Quebec,CA,,,,stmartindebeauce,QC,false,false,,America/Montreal
St. Martins,New Brunswick,CA,,,,stmartins,NB,false,false,,America/Moncton
St. Marys,Ontario,CA,,,,stmarys,ON,false,false,,America/Toronto
St. Mary`s,Newfoundland,CA,,,,stmarys,NL,false,false,,America/St_Johns
St. Michael,Alberta,CA,,,,stmichael,AB,false,false,,America/Edmonton
St. Moise,Quebec,CA,,,,stmoise,QC,false,false,,America/Montreal
St. Paul,Alberta,CA,,,,stpaul,AB,false,false,,America/Edmonton
St. Peters,Prince Edward Island,CA,,,,stpeters,PE,false,false,,America/Halifax
St. Peter`s,Nova Scotia,CA,,,,stpeters,NS,false,false,,America/Halifax
St. Raphael de Bellechasse,Quebec,CA,,,,straphaeldebellechasse,QC,false,false,,America/Montreal
St. Regis,Ontario,CA,,,,stregis,ON,false,false,,America/Toronto
St. Sebastien,Quebec,CA,,,,stsebastien,QC,false,false,,America/Montreal
St. Stanislas de Champlain,Quebec,CA,,,,ststanislasdechamplain,QC,false,false,,America/Montreal
St. Stephen,New Brunswick,CA,,,,ststephen,NB,false,false,,America/Moncton
St. Theodore de Chertsey,Quebec,CA,,,,sttheodoredechertsey,QC,false,false,,America/Montreal
St. Thomas,Ontario,CA,,,,stthomas,ON,false,false,,America/Toronto
St. Victor de Beauce,Quebec,CA,,,,stvictordebeauce,QC,false,false,,America/Montreal
St. Vincent de Paul,Quebec,CA,,,,stvincentdepaul,QC,false,false,,America/Montreal
St. Vincent`s-St. Stephen`s-Pe,Newfoundland,CA,,,,stvincentsststephenspe,NL,false,false,,America/St_Johns
St. Walburg,Saskatchewan,CA,,,,stwalburg,SK,false,false,,America/Regina
Stand Off,Alberta,CA,,,,standoff,AB,false,false,,America/Edmonton
Standard,Alberta,CA,,,,standard,AB,false,false,,America/Edmonton
Stanley,New Brunswick,CA,,,,stanley,NB,false,false,,America/Moncton
Stanley Mission,Saskatchewan,CA,,,,stanleymission,SK,false,false,,America/Regina
Stanstead,Quebec,CA,,,,stanstead,QC,false,false,,America/Montreal
Star City,Saskatchewan,CA,,,,starcity,SK,false,false,,America/Regina
Starbuck,Manitoba,CA,,,,starbuck,MB,false,false,,America/Winnipeg
Stavely,Alberta,CA,,,,stavely,AB,false,false,,America/Edmonton
Stayner,Ontario,CA,,,,stayner,ON,false,false,,America/Toronto
Ste-Adele,Quebec,CA,,,,steadele,QC,false,false,,America/Montreal
Ste-Agathe,Quebec,CA,,,,steagathe,QC,false,false,,America/Montreal
Ste-Agathe-des-Monts,Quebec,CA,,,,steagathedesmonts,QC,false,false,,America/Montreal
Ste-Agathe-Sud,Quebec,CA,,,,steagathesud,QC,false,false,,America/Montreal
Ste-Anne-de-Beaupre,Quebec,CA,,,,steannedebeaupre,QC,false,false,,America/Montreal
Ste-Anne-de-Bellevue,Quebec,CA,,,,steannedebellevue,QC,false,false,,America/Montreal
Ste-Anne-de-la-Perade,Quebec,CA,,,,steannedelaperade,QC,false,false,,America/Montreal
Ste-Anne-de-Madawaska,New Brunswick,CA,,,,steannedemadawaska,NB,false,false,,America/Moncton
Ste-Anne-de-Portneuf,Quebec,CA,,,,steannedeportneuf,QC,false,false,,America/Montreal
Ste-Anne-des-Monts,Quebec,CA,,,,steannedesmonts,QC,false,false,,America/Montreal
Ste-Anne-des-Plaines,Quebec,CA,,,,steannedesplaines,QC,false,false,,America/Montreal
Ste-Anne-du-Lac,Quebec,CA,,,,steannedulac,QC,false,false,,America/Montreal
Ste-Blandine,Quebec,CA,,,,steblandine,QC,false,false,,America/Montreal
Ste-Brigitte-de-Laval,Quebec,CA,,,,stebrigittedelaval,QC,false,false,,America/Montreal
Ste-Catherine,Quebec,CA,,,,stecatherine,QC,false,false,,America/Montreal
Ste-Clotilde-de-Horton,Quebec,CA,,,,steclotildedehorton,QC,false,false,,America/Montreal
Ste-Eulalie,Quebec,CA,,,,steeulalie,QC,false,false,,America/Montreal
Ste-Felicite,Quebec,CA,,,,stefelicite,QC,false,false,,America/Montreal
Ste-Foy,Quebec,CA,,,,stefoy,QC,false,false,,America/Montreal
Ste-Genevieve,Quebec,CA,,,,stegenevieve,QC,false,false,,America/Montreal
Ste-Helene-de-Bagot,Quebec,CA,,,,stehelenedebagot,QC,false,false,,America/Montreal
Ste-Henedine,Quebec,CA,,,,stehenedine,QC,false,false,,America/Montreal
Ste-Jeanne-d`Arc,Quebec,CA,,,,stejeannedarc,QC,false,false,,America/Montreal
Ste-Julie,Quebec,CA,,,,stejulie,QC,false,false,,America/Montreal
Ste-Julie-de-Vercheres,Quebec,CA,,,,stejuliedevercheres,QC,false,false,,America/Montreal
Ste-Julienne,Quebec,CA,,,,stejulienne,QC,false,false,,America/Montreal
Ste-Justine,Quebec,CA,,,,stejustine,QC,false,false,,America/Montreal
Ste-Lucie-de-Beauregard,Quebec,CA,,,,steluciedebeauregard,QC,false,false,,America/Montreal
Ste-Madeleine,Quebec,CA,,,,stemadeleine,QC,false,false,,America/Montreal
Ste-Marguerite,Quebec,CA,,,,stemarguerite,QC,false,false,,America/Montreal
Ste-Marie-de-Beauce,Quebec,CA,,,,stemariedebeauce,QC,false,false,,America/Montreal
Ste-Marie-de-Blandford,Quebec,CA,,,,stemariedeblandford,QC,false,false,,America/Montreal
Ste-Marthe,Quebec,CA,,,,stemarthe,QC,false,false,,America/Montreal
Ste-Marthe-sur-le-Lac,Quebec,CA,,,,stemarthesurlelac,QC,false,false,,America/Montreal
Ste-Perpetue,Quebec,CA,,,,steperpetue,QC,false,false,,America/Montreal
Ste-Petronille,Quebec,CA,,,,stepetronille,QC,false,false,,America/Montreal
Ste-Rosalie,Quebec,CA,,,,sterosalie,QC,false,false,,America/Montreal
Ste-Rose,Quebec,CA,,,,sterose,QC,false,false,,America/Montreal
Ste-Rose-de-Watford,Quebec,CA,,,,sterosedewatford,QC,false,false,,America/Montreal
Ste-Rose-du-Nord,Quebec,CA,,,,sterosedunord,QC,false,false,,America/Montreal
Ste-Sophie-de-Levrard,Quebec,CA,,,,stesophiedelevrard,QC,false,false,,America/Montreal
Ste-Thecle,Quebec,CA,,,,stethecle,QC,false,false,,America/Montreal
Ste-Therese,Quebec,CA,,,,stetherese,QC,false,false,,America/Montreal
Ste-Veronique,Quebec,CA,,,,steveronique,QC,false,false,,America/Montreal
Ste-Victoire,Quebec,CA,,,,stevictoire,QC,false,false,,America/Montreal
Ste. Agathe,Manitoba,CA,,,,steagathe,MB,false,false,,America/Winnipeg
Ste. Agathe de Lotbiniere,Quebec,CA,,,,steagathedelotbiniere,QC,false,false,,America/Montreal
Ste. Angele de Laval,Quebec,CA,,,,steangeledelaval,QC,false,false,,America/Montreal
Ste. Cecile Masham,Quebec,CA,,,,stececilemasham,QC,false,false,,America/Montreal
Ste. Claire de Dorchester,Quebec,CA,,,,steclairededorchester,QC,false,false,,America/Montreal
Ste. Croix de Lotbiniere,Quebec,CA,,,,stecroixdelotbiniere,QC,false,false,,America/Montreal
Ste. Gertrude,Quebec,CA,,,,stegertrude,QC,false,false,,America/Montreal
Ste. Justine de Newton,Quebec,CA,,,,stejustinedenewton,QC,false,false,,America/Montreal
Ste. Martine,Quebec,CA,,,,stemartine,QC,false,false,,America/Montreal
Ste. Methode de Frontenac,Quebec,CA,,,,stemethodedefrontenac,QC,false,false,,America/Montreal
Ste. Monique de Nicolet,Quebec,CA,,,,stemoniquedenicolet,QC,false,false,,America/Montreal
Ste. Rose du Lac,Manitoba,CA,,,,sterosedulac,MB,false,false,,America/Winnipeg
Steady Brook,Newfoundland,CA,,,,steadybrook,NL,false,false,,America/St_Johns
Steep Rock,Manitoba,CA,,,,steeprock,MB,false,false,,America/Winnipeg
Steinbach,Manitoba,CA,,,,steinbach,MB,false,false,,America/Winnipeg
Stellarton,Nova Scotia,CA,,,,stellarton,NS,false,false,,America/Halifax
Stephenville,Newfoundland,CA,,,,stephenville,NL,false,false,,America/St_Johns
Stephenville Crossing,Newfoundland,CA,,,,stephenvillecrossing,NL,false,false,,America/St_Johns
Stettler,Alberta,CA,,,,stettler,AB,false,false,,America/Edmonton
Stevensville,Ontario,CA,,,,stevensville,ON,false,false,,America/Toronto
Stewart,British Columbia,CA,,,,stewart,BC,false,false,,America/Vancouver
Stewarttown,Ontario,CA,,,,stewarttown,ON,false,false,,America/Toronto
Stewiacke,Nova Scotia,CA,,,,stewiacke,NS,false,false,,America/Halifax
Stirling,Alberta,CA,,,,stirling,AB,false,false,,America/Edmonton
Stirling,Ontario,CA,,,,stirling,ON,false,false,,America/Toronto
Stockholm,Saskatchewan,CA,,,,stockholm,SK,false,false,,America/Regina
Stoke,Quebec,CA,,,,stoke,QC,false,false,,America/Montreal
Stoke`s Bay,Ontario,CA,,,,stokesbay,ON,false,false,,America/Toronto
Stoneham,Quebec,CA,,,,stoneham,QC,false,false,,America/Montreal
Stonewall,Manitoba,CA,,,,stonewall,MB,false,false,,America/Winnipeg
Stoney Creek,Ontario,CA,,,,stoneycreek,ON,false,false,,America/Toronto
Stoney Point,Ontario,CA,,,,stoneypoint,ON,false,false,,America/Toronto
Stony Plain,Alberta,CA,,,,stonyplain,AB,false,false,,America/Edmonton
Stony Rapids,Saskatchewan,CA,,,,stonyrapids,SK,false,false,,America/Regina
Storthoaks,Saskatchewan,CA,,,,storthoaks,SK,false,false,,America/Regina
Stouffville,Ontario,CA,,,,stouffville,ON,false,false,,America/Toronto
Stoughton,Saskatchewan,CA,,,,stoughton,SK,false,false,,America/Regina
Straffordville,Ontario,CA,,,,straffordville,ON,false,false,,America/Toronto
Strasbourg,Saskatchewan,CA,,,,strasbourg,SK,false,false,,America/Regina
Stratford,Ontario,CA,,,,stratford,ON,false,false,,America/Toronto
Stratford,Prince Edward Island,CA,,,,stratford,PE,false,false,,America/Halifax
Stratford,Quebec,CA,,,,stratford,QC,false,false,,America/Montreal
Strathclair,Manitoba,CA,,,,strathclair,MB,false,false,,America/Winnipeg
Strathmore,Alberta,CA,,,,strathmore,AB,false,false,,America/Edmonton
Strathroy,Ontario,CA,,,,strathroy,ON,false,false,,America/Toronto
Stratton,Ontario,CA,,,,stratton,ON,false,false,,America/Toronto
Streetsville,Ontario,CA,,,,streetsville,ON,false,false,,America/Toronto
Strome,Alberta,CA,,,,strome,AB,false,false,,America/Edmonton
Strongfield,Saskatchewan,CA,,,,strongfield,SK,false,false,,America/Regina
Stroud,Ontario,CA,,,,stroud,ON,false,false,,America/Toronto
Stukely-Sud,Quebec,CA,,,,stukelysud,QC,false,false,,America/Montreal
Sturgeon Falls,Ontario,CA,,,,sturgeonfalls,ON,false,false,,America/Toronto
Sturgis,Saskatchewan,CA,,,,sturgis,SK,false,false,,America/Regina
Sudbury,Ontario,CA,,,,sudbury,ON,false,false,,America/Toronto
Sultan,Ontario,CA,,,,sultan,ON,false,false,,America/Toronto
Summer Beaver,Ontario,CA,,,,summerbeaver,ON,false,false,,America/Toronto
Summerford,Newfoundland,CA,,,,summerford,NL,false,false,,America/St_Johns
Summerland,British Columbia,CA,,,,summerland,BC,false,false,,America/Vancouver
Summerside,Newfoundland,CA,,,,summerside,NL,false,false,,America/St_Johns
Summerside,Prince Edward Island,CA,,,,summerside,PE,false,false,,America/Halifax
Summerville,New Brunswick,CA,,,,summerville,NB,false,false,,America/Moncton
Summit Lake,British Columbia,CA,,,,summitlake,BC,false,false,,America/Vancouver
Sunderland,Ontario,CA,,,,sunderland,ON,false,false,,America/Toronto
Sundre,Alberta,CA,,,,sundre,AB,false,false,,America/Edmonton
Sundridge,Ontario,CA,,,,sundridge,ON,false,false,,America/Toronto
Sunnyside,Newfoundland,CA,,,,sunnyside,NL,false,false,,America/St_Johns
Surrey,British Columbia,CA,,,,surrey,BC,false,false,,America/Vancouver
Sussex,New Brunswick,CA,,,,sussex,NB,false,false,,America/Moncton
Sutton,Ontario,CA,,,,sutton,ON,false,false,,America/Toronto
Sutton,Quebec,CA,,,,sutton,QC,false,false,,America/Montreal
Swan Hills,Alberta,CA,,,,swanhills,AB,false,false,,America/Edmonton
Swan Lake,Manitoba,CA,,,,swanlake,MB,false,false,,America/Winnipeg
Swan River,Manitoba,CA,,,,swanriver,MB,false,false,,America/Winnipeg
Swastika,Ontario,CA,,,,swastika,ON,false,false,,America/Toronto
Swift Current,Saskatchewan,CA,,,,swiftcurrent,SK,false,false,,America/Regina
Swift River,Yukon,CA,,,,swiftriver,YT,false,false,,America/Whitehorse
Sydenham,Ontario,CA,,,,sydenham,ON,false,false,,America/Toronto
Sydney,Nova Scotia,CA,,,,sydney,NS,false,false,,America/Halifax
Sylvan Lake,Alberta,CA,,,,sylvanlake,AB,false,false,,America/Edmonton
Taber,Alberta,CA,,,,taber,AB,false,false,,America/Edmonton
Tabusintac,New Brunswick,CA,,,,tabusintac,NB,false,false,,America/Moncton
Tachie,British Columbia,CA,,,,tachie,BC,false,false,,America/Vancouver
Tadoule Lake,Manitoba,CA,,,,tadoulelake,MB,false,false,,America/Winnipeg
Tadoussac,Quebec,CA,,,,tadoussac,QC,false,false,,America/Montreal
Tagish,Yukon,CA,,,,tagish,YT,false,false,,America/Whitehorse
Tahsis,British Columbia,CA,,,,tahsis,BC,false,false,,America/Vancouver
Tamworth,Ontario,CA,,,,tamworth,ON,false,false,,America/Toronto
Tangier,Nova Scotia,CA,,,,tangier,NS,false,false,,America/Halifax
Tantallon,Saskatchewan,CA,,,,tantallon,SK,false,false,,America/Regina
Tara,Ontario,CA,,,,tara,ON,false,false,,America/Toronto
Taschereau,Quebec,CA,,,,taschereau,QC,false,false,,America/Montreal
Tasiujaq,Quebec,CA,,,,tasiujaq,QC,false,false,,America/Montreal
Tatamagouche,Nova Scotia,CA,,,,tatamagouche,NS,false,false,,America/Halifax
Tatla Lake,British Columbia,CA,,,,tatlalake,BC,false,false,,America/Vancouver
Tavistock,Ontario,CA,,,,tavistock,ON,false,false,,America/Toronto
Taylor,British Columbia,CA,,,,taylor,BC,false,false,,America/Vancouver
Taylor Corners,Ontario,CA,,,,taylorcorners,ON,false,false,,America/Toronto
Tecumseh,Ontario,CA,,,,tecumseh,ON,false,false,,America/Toronto
Teeswater,Ontario,CA,,,,teeswater,ON,false,false,,America/Toronto
Telegraph Creek,British Columbia,CA,,,,telegraphcreek,BC,false,false,,America/Vancouver
Telkwa,British Columbia,CA,,,,telkwa,BC,false,false,,America/Vancouver
Temagami,Ontario,CA,,,,temagami,ON,false,false,,America/Toronto
Temiscaming,Quebec,CA,,,,temiscaming,QC,false,false,,America/Montreal
Terra Nova,Newfoundland,CA,,,,terranova,NL,false,false,,America/St_Johns
Terrace,British Columbia,CA,,,,terrace,BC,false,false,,America/Vancouver
Terrace Bay,Ontario,CA,,,,terracebay,ON,false,false,,America/Toronto
Terrasse Vaudreuil,Quebec,CA,,,,terrassevaudreuil,QC,false,false,,America/Montreal
Terrebonne,Quebec,CA,,,,terrebonne,QC,false,false,,America/Montreal
Terrenceville,Newfoundland,CA,,,,terrenceville,NL,false,false,,America/St_Johns
Teslin,Yukon,CA,,,,teslin,YT,false,false,,America/Whitehorse
Tete-a-la-Baleine,Quebec,CA,,,,tetealabaleine,QC,false,false,,America/Montreal
Teulon,Manitoba,CA,,,,teulon,MB,false,false,,America/Winnipeg
Thamesford,Ontario,CA,,,,thamesford,ON,false,false,,America/Toronto
Thamesville,Ontario,CA,,,,thamesville,ON,false,false,,America/Toronto
The Eabametoong (Fort Hope) Fi,Ontario,CA,,,,theeabametoongforthopefi,ON,false,false,,America/Toronto
The Pas,Manitoba,CA,,,,thepas,MB,false,false,,America/Winnipeg
Thedford,Ontario,CA,,,,thedford,ON,false,false,,America/Toronto
Theodore,Saskatchewan,CA,,,,theodore,SK,false,false,,America/Regina
Thessalon,Ontario,CA,,,,thessalon,ON,false,false,,America/Toronto
Thessalon First Nation,Ontario,CA,,,,thessalonfirstnation,ON,false,false,,America/Toronto
Thetford Mines,Quebec,CA,,,,thetfordmines,QC,false,false,,America/Montreal
Thicket Portage,Manitoba,CA,,,,thicketportage,MB,false,false,,America/Winnipeg
Thompson,Manitoba,CA,,,,thompson,MB,false,false,,America/Winnipeg
Thorburn,Nova Scotia,CA,,,,thorburn,NS,false,false,,America/Halifax
Thorhild,Alberta,CA,,,,thorhild,AB,false,false,,America/Edmonton
Thornbury,Ontario,CA,,,,thornbury,ON,false,false,,America/Toronto
Thorndale,Ontario,CA,,,,thorndale,ON,false,false,,America/Toronto
Thorne,Ontario,CA,,,,thorne,ON,false,false,,America/Toronto
Thornhill,Ontario,CA,,,,thornhill,ON,false,false,,America/Toronto
Thorold,Ontario,CA,,,,thorold,ON,false,false,,America/Toronto
Thorsby,Alberta,CA,,,,thorsby,AB,false,false,,America/Edmonton
Three Hills,Alberta,CA,,,,threehills,AB,false,false,,America/Edmonton
Thrums,British Columbia,CA,,,,thrums,BC,false,false,,America/Vancouver
Thunder Bay,Ontario,CA,,,,thunderbay,ON,false,false,,America/Toronto
Thurlow,Ontario,CA,,,,thurlow,ON,false,false,,America/Toronto
Thurso,Quebec,CA,,,,thurso,QC,false,false,,America/Montreal
Tignish,Prince Edward Island,CA,,,,tignish,PE,false,false,,America/Halifax
Tilbury,Ontario,CA,,,,tilbury,ON,false,false,,America/Toronto
Tilley,Alberta,CA,,,,tilley,AB,false,false,,America/Edmonton
Tillsonburg,Ontario,CA,,,,tillsonburg,ON,false,false,,America/Toronto
Timmins,Ontario,CA,,,,timmins,ON,false,false,,America/Toronto
Tingwick,Quebec,CA,,,,tingwick,QC,false,false,,America/Montreal
Tisdale,Saskatchewan,CA,,,,tisdale,SK,false,false,,America/Regina
Tiverton,Ontario,CA,,,,tiverton,ON,false,false,,America/Toronto
Toad River,British Columbia,CA,,,,toadriver,BC,false,false,,America/Vancouver
Tobermory,Ontario,CA,,,,tobermory,ON,false,false,,America/Toronto
Tobique First Nation,New Brunswick,CA,,,,tobiquefirstnation,NB,false,false,,America/Moncton
Tofield,Alberta,CA,,,,tofield,AB,false,false,,America/Edmonton
Tofino,British Columbia,CA,,,,tofino,BC,false,false,,America/Vancouver
Togo,Saskatchewan,CA,,,,togo,SK,false,false,,America/Regina
Toledo,Ontario,CA,,,,toledo,ON,false,false,,America/Toronto
Tomahawk,Alberta,CA,,,,tomahawk,AB,false,false,,America/Edmonton
Tompkins,Saskatchewan,CA,,,,tompkins,SK,false,false,,America/Regina
Topley,British Columbia,CA,,,,topley,BC,false,false,,America/Vancouver
Torbay,Newfoundland,CA,,,,torbay,NL,false,false,,America/St_Johns
Toronto,Ontario,CA,,,,toronto,ON,true,true,,America/Toronto
Toronto Island,Ontario,CA,,,,torontoisland,ON,false,false,,America/Toronto
Torquay,Saskatchewan,CA,,,,torquay,SK,false,false,,America/Regina
Torrington,Alberta,CA,,,,torrington,AB,false,false,,America/Edmonton
Tottenham,Ontario,CA,,,,tottenham,ON,false,false,,America/Toronto
Tracadie-Sheila,New Brunswick,CA,,,,tracadiesheila,NB,false,false,,America/Moncton
Trail,British Columbia,CA,,,,trail,BC,false,false,,America/Vancouver
Tramping Lake,Saskatchewan,CA,,,,trampinglake,SK,false,false,,America/Regina
Treherne,Manitoba,CA,,,,treherne,MB,false,false,,America/Winnipeg
Tremblay,Quebec,CA,,,,tremblay,QC,false,false,,America/Montreal
Trenton,Nova Scotia,CA,,,,trenton,NS,false,false,,America/Halifax
Trenton,Ontario,CA,,,,trenton,ON,false,false,,America/Toronto
Trepassey,Newfoundland,CA,,,,trepassey,NL,false,false,,America/St_Johns
Tribune,Saskatchewan,CA,,,,tribune,SK,false,false,,America/Regina
Tring-Jonction,Quebec,CA,,,,tringjonction,QC,false,false,,America/Montreal
Triton,Newfoundland,CA,,,,triton,NL,false,false,,America/St_Johns
Trochu,Alberta,CA,,,,trochu,AB,false,false,,America/Edmonton
Trois-Pistoles,Quebec,CA,,,,troispistoles,QC,false,false,,America/Montreal
Trois-Rivieres,Quebec,CA,,,,troisrivieres,QC,false,false,,America/Montreal
Trout Creek,Ontario,CA,,,,troutcreek,ON,false,false,,America/Toronto
Trout Lake,Alberta,CA,,,,troutlake,AB,false,false,,America/Edmonton
Trout Lake,British Columbia,CA,,,,troutlake,BC,false,false,,America/Vancouver
Trout Lake,Northwest Territories,CA,,,,troutlake,NT,false,false,,America/Yellowknife
Trout River,Newfoundland,CA,,,,troutriver,NL,false,false,,America/St_Johns
Trowbridge,Ontario,CA,,,,trowbridge,ON,false,false,,America/Toronto
Truro,Nova Scotia,CA,,,,truro,NS,false,false,,America/Halifax
Tsay Keh Dene,British Columbia,CA,,,,tsaykehdene,BC,false,false,,America/Vancouver
Tsiigehtchic,Northwest Territories,CA,,,,tsiigehtchic,NT,false,false,,America/Yellowknife
Tuktoyaktuk,Northwest Territories,CA,,,,tuktoyaktuk,NT,false,false,,America/Yellowknife
Tumbler Ridge,British Columbia,CA,,,,tumblerridge,BC,false,false,,America/Vancouver
Turner Valley,Alberta,CA,,,,turnervalley,AB,false,false,,America/Edmonton
Turnor Lake,Saskatchewan,CA,,,,turnorlake,SK,false,false,,America/Regina
Turtleford,Saskatchewan,CA,,,,turtleford,SK,false,false,,America/Regina
Tusket,Nova Scotia,CA,,,,tusket,NS,false,false,,America/Halifax
Tweed,Ontario,CA,,,,tweed,ON,false,false,,America/Toronto
Twillingate,Newfoundland,CA,,,,twillingate,NL,false,false,,America/St_Johns
Two Hills,Alberta,CA,,,,twohills,AB,false,false,,America/Edmonton
Tyne Valley,Prince Edward Island,CA,,,,tynevalley,PE,false,false,,America/Halifax
Ucluelet,British Columbia,CA,,,,ucluelet,BC,false,false,,America/Vancouver
Udora,Ontario,CA,,,,udora,ON,false,false,,America/Toronto
Umiujaq,Quebec,CA,,,,umiujaq,QC,false,false,,America/Montreal
Uniondale,Ontario,CA,,,,uniondale,ON,false,false,,America/Toronto
Unionville,Ontario,CA,,,,unionville,ON,false,false,,America/Toronto
Unity,Saskatchewan,CA,,,,unity,SK,false,false,,America/Regina
Upper Island Cove,Newfoundland,CA,,,,upperislandcove,NL,false,false,,America/St_Johns
Upper Musquodoboit,Nova Scotia,CA,,,,uppermusquodoboit,NS,false,false,,America/Halifax
Upper Stewiacke,Nova Scotia,CA,,,,upperstewiacke,NS,false,false,,America/Halifax
Upsala,Ontario,CA,,,,upsala,ON,false,false,,America/Toronto
Upton,Quebec,CA,,,,upton,QC,false,false,,America/Montreal
Uranium City,Saskatchewan,CA,,,,uraniumcity,SK,false,false,,America/Regina
Utterson,Ontario,CA,,,,utterson,ON,false,false,,America/Toronto
Uxbridge,Ontario,CA,,,,uxbridge,ON,false,false,,America/Toronto
Val Marie,Saskatchewan,CA,,,,valmarie,SK,false,false,,America/Regina
Val-Alain,Quebec,CA,,,,valalain,QC,false,false,,America/Montreal
Val-Barrette,Quebec,CA,,,,valbarrette,QC,false,false,,America/Montreal
Val-Belair,Quebec,CA,,,,valbelair,QC,false,false,,America/Montreal
Val-Brillant,Quebec,CA,,,,valbrillant,QC,false,false,,America/Montreal
Val-David,Quebec,CA,,,,valdavid,QC,false,false,,America/Montreal
Val-des-Bois,Quebec,CA,,,,valdesbois,QC,false,false,,America/Montreal
Val-d`Or,Quebec,CA,,,,valdor,QC,false,false,,America/Montreal
Valcartier,Quebec,CA,,,,valcartier,QC,false,false,,America/Montreal
Valcourt,Quebec,CA,,,,valcourt,QC,false,false,,America/Montreal
Valemount,British Columbia,CA,,,,valemount,BC,false,false,,America/Vancouver
Vallee-Jonction,Quebec,CA,,,,valleejonction,QC,false,false,,America/Montreal
Valley East,Ontario,CA,,,,valleyeast,ON,false,false,,America/Toronto
Valleyview,Alberta,CA,,,,valleyview,AB,false,false,,America/Edmonton
Vallican,British Columbia,CA,,,,vallican,BC,false,false,,America/Vancouver
Van Anda,British Columbia,CA,,,,vananda,BC,false,false,,America/Vancouver
Vancouver,British Columbia,CA,,,,vancouver,BC,false,true,,America/Vancouver
Vanderhoof,British Columbia,CA,,,,vanderhoof,BC,false,false,,America/Vancouver
Vanguard,Saskatchewan,CA,,,,vanguard,SK,false,false,,America/Regina
Vanier,Ontario,CA,,,,vanier,ON,false,false,,America/Toronto
Vanier,Quebec,CA,,,,vanier,QC,false,false,,America/Montreal
Vankleek Hill,Ontario,CA,,,,vankleekhill,ON,false,false,,America/Toronto
Vanscoy,Saskatchewan,CA,,,,vanscoy,SK,false,false,,America/Regina
Varennes,Quebec,CA,,,,varennes,QC,false,false,,America/Montreal
Vaudreuil,Quebec,CA,,,,vaudreuil,QC,false,false,,America/Montreal
Vaudreuil Dorion,Quebec,CA,,,,vaudreuildorion,QC,false,false,,America/Montreal
Vaudreuil-sur-le-Lac,Quebec,CA,,,,vaudreuilsurlelac,QC,false,false,,America/Montreal
Vaughan,Ontario,CA,,,,vaughan,ON,false,false,,America/Toronto
Vauxhall,Alberta,CA,,,,vauxhall,AB,false,false,,America/Edmonton
Vavenby,British Columbia,CA,,,,vavenby,BC,false,false,,America/Vancouver
Vegreville,Alberta,CA,,,,vegreville,AB,false,false,,America/Edmonton
Venise-en-Quebec,Quebec,CA,,,,veniseenquebec,QC,false,false,,America/Montreal
Vercheres,Quebec,CA,,,,vercheres,QC,false,false,,America/Montreal
Verdun,Quebec,CA,,,,verdun,QC,false,false,,America/Montreal
Vermilion,Alberta,CA,,,,vermilion,AB,false,false,,America/Edmonton
Vermilion Bay,Ontario,CA,,,,vermilionbay,ON,false,false,,America/Toronto
Verner,Ontario,CA,,,,verner,ON,false,false,,America/Toronto
Vernon,British Columbia,CA,,,,vernon,BC,false,false,,America/Vancouver
Vernon River,Prince Edward Island,CA,,,,vernonriver,PE,false,false,,America/Halifax
Verona,Ontario,CA,,,,verona,ON,false,false,,America/Toronto
Veteran,Alberta,CA,,,,veteran,AB,false,false,,America/Edmonton
Vibank,Saskatchewan,CA,,,,vibank,SK,false,false,,America/Regina
Victoria,British Columbia,CA,,,,victoria,BC,true,true,,America/Vancouver
Victoria,Newfoundland,CA,,,,victoria,NL,true,true,,America/St_Johns
Victoria,Ontario,CA,,,,victoria,ON,true,true,,America/Toronto
Victoriaville,Quebec,CA,,,,victoriaville,QC,false,false,,America/Montreal
View Royal,British Columbia,CA,,,,viewroyal,BC,false,false,,America/Vancouver
Viking,Alberta,CA,,,,viking,AB,false,false,,America/Edmonton
Ville-Marie,Quebec,CA,,,,villemarie,QC,false,false,,America/Montreal
Vilna,Alberta,CA,,,,vilna,AB,false,false,,America/Edmonton
Vimont,Quebec,CA,,,,vimont,QC,false,false,,America/Montreal
Vineland,Ontario,CA,,,,vineland,ON,false,false,,America/Toronto
Virden,Manitoba,CA,,,,virden,MB,false,false,,America/Winnipeg
Virginiatown,Ontario,CA,,,,virginiatown,ON,false,false,,America/Toronto
Viscount,Saskatchewan,CA,,,,viscount,SK,false,false,,America/Regina
Vita,Manitoba,CA,,,,vita,MB,false,false,,America/Winnipeg
Vonda,Saskatchewan,CA,,,,vonda,SK,false,false,,America/Regina
Vulcan,Alberta,CA,,,,vulcan,AB,false,false,,America/Edmonton
Waasagomach,Manitoba,CA,,,,waasagomach,MB,false,false,,America/Winnipeg
Wabamun,Alberta,CA,,,,wabamun,AB,false,false,,America/Edmonton
Wabana,Newfoundland,CA,,,,wabana,NL,false,false,,America/St_Johns
Wabigoon,Ontario,CA,,,,wabigoon,ON,false,false,,America/Toronto
Wabowden,Manitoba,CA,,,,wabowden,MB,false,false,,America/Winnipeg
Wabush,Newfoundland,CA,,,,wabush,NL,false,false,,America/St_Johns
Wadena,Saskatchewan,CA,,,,wadena,SK,false,false,,America/Regina
Wainfleet,Ontario,CA,,,,wainfleet,ON,false,false,,America/Toronto
Wainwright,Alberta,CA,,,,wainwright,AB,false,false,,America/Edmonton
Wakaw,Saskatchewan,CA,,,,wakaw,SK,false,false,,America/Regina
Wakefield,Quebec,CA,,,,wakefield,QC,false,false,,America/Montreal
Walden,Ontario,CA,,,,walden,ON,false,false,,America/Toronto
Waldheim,Saskatchewan,CA,,,,waldheim,SK,false,false,,America/Regina
Walkerton,Ontario,CA,,,,walkerton,ON,false,false,,America/Toronto
Wallace,Nova Scotia,CA,,,,wallace,NS,false,false,,America/Halifax
Wallaceburg,Ontario,CA,,,,wallaceburg,ON,false,false,,America/Toronto
Walsh,Alberta,CA,,,,walsh,AB,false,false,,America/Edmonton
Walton,Nova Scotia,CA,,,,walton,NS,false,false,,America/Halifax
Wandering River,Alberta,CA,,,,wanderingriver,AB,false,false,,America/Edmonton
Wanham,Alberta,CA,,,,wanham,AB,false,false,,America/Edmonton
Wanless,Manitoba,CA,,,,wanless,MB,false,false,,America/Winnipeg
Wapekeka First Nation,Ontario,CA,,,,wapekekafirstnation,ON,false,false,,America/Toronto
Wapella,Saskatchewan,CA,,,,wapella,SK,false,false,,America/Regina
Warburg,Alberta,CA,,,,warburg,AB,false,false,,America/Edmonton
Warden,Quebec,CA,,,,warden,QC,false,false,,America/Montreal
Wardsville,Ontario,CA,,,,wardsville,ON,false,false,,America/Toronto
Warkworth,Ontario,CA,,,,warkworth,ON,false,false,,America/Toronto
Warman,Saskatchewan,CA,,,,warman,SK,false,false,,America/Regina
Warner,Alberta,CA,,,,warner,AB,false,false,,America/Edmonton
Warren,Ontario,CA,,,,warren,ON,false,false,,America/Toronto
Warspite,Alberta,CA,,,,warspite,AB,false,false,,America/Edmonton
Warwick,Quebec,CA,,,,warwick,QC,false,false,,America/Montreal
Wasaga Beach,Ontario,CA,,,,wasagabeach,ON,false,false,,America/Toronto
Wasagaming,Manitoba,CA,,,,wasagaming,MB,false,false,,America/Winnipeg
Waskaganish,Quebec,CA,,,,waskaganish,QC,false,false,,America/Montreal
Waskatenau,Alberta,CA,,,,waskatenau,AB,false,false,,America/Edmonton
Waskesiu Lake,Saskatchewan,CA,,,,waskesiulake,SK,false,false,,America/Regina
Waswanipi,Quebec,CA,,,,waswanipi,QC,false,false,,America/Montreal
Waterdown,Ontario,CA,,,,waterdown,ON,false,false,,America/Toronto
Waterford,Ontario,CA,,,,waterford,ON,false,false,,America/Toronto
Waterhen,Manitoba,CA,,,,waterhen,MB,false,false,,America/Winnipeg
Waterloo,Ontario,CA,,,,waterloo,ON,false,false,,America/Toronto
Waterloo,Quebec,CA,,,,waterloo,QC,false,false,,America/Montreal
Waterville,Quebec,CA,,,,waterville,QC,false,false,,America/Montreal
Watford,Ontario,CA,,,,watford,ON,false,false,,America/Toronto
Watrous,Saskatchewan,CA,,,,watrous,SK,false,false,,America/Regina
Watson,Saskatchewan,CA,,,,watson,SK,false,false,,America/Regina
Watson Lake,Yukon,CA,,,,watsonlake,YT,false,false,,America/Whitehorse
Waubaushene,Ontario,CA,,,,waubaushene,ON,false,false,,America/Toronto
Waverley,Nova Scotia,CA,,,,waverley,NS,false,false,,America/Halifax
Wawa,Ontario,CA,,,,wawa,ON,false,false,,America/Toronto
Wawanesa,Manitoba,CA,,,,wawanesa,MB,false,false,,America/Winnipeg
Wawota,Saskatchewan,CA,,,,wawota,SK,false,false,,America/Regina
Webb,Saskatchewan,CA,,,,webb,SK,false,false,,America/Regina
Webbwood,Ontario,CA,,,,webbwood,ON,false,false,,America/Toronto
Webequie,Ontario,CA,,,,webequie,ON,false,false,,America/Toronto
Wedgeport,Nova Scotia,CA,,,,wedgeport,NS,false,false,,America/Halifax
Weedon,Quebec,CA,,,,weedon,QC,false,false,,America/Montreal
Weedon Centre,Quebec,CA,,,,weedoncentre,QC,false,false,,America/Montreal
Welcome,Ontario,CA,,,,welcome,ON,false,false,,America/Toronto
Welland,Ontario,CA,,,,welland,ON,false,false,,America/Toronto
Wellandport,Ontario,CA,,,,wellandport,ON,false,false,,America/Toronto
Wellesley,Ontario,CA,,,,wellesley,ON,false,false,,America/Toronto
Wellington,Ontario,CA,,,,wellington,ON,false,false,,America/Toronto
Wellington,Prince Edward Island,CA,,,,wellington,PE,false,false,,America/Halifax
Wells,British Columbia,CA,,,,wells,BC,false,false,,America/Vancouver
Welsford,New Brunswick,CA,,,,welsford,NB,false,false,,America/Moncton
Welwyn,Saskatchewan,CA,,,,welwyn,SK,false,false,,America/Regina
Wembley,Alberta,CA,,,,wembley,AB,false,false,,America/Edmonton
Wemindji,Quebec,CA,,,,wemindji,QC,false,false,,America/Montreal
Wendover,Quebec,CA,,,,wendover,QC,false,false,,America/Montreal
Wesleyville,Newfoundland,CA,,,,wesleyville,NL,false,false,,America/St_Johns
West Brome,Quebec,CA,,,,westbrome,QC,false,false,,America/Montreal
West Guilford,Ontario,CA,,,,westguilford,ON,false,false,,America/Toronto
West Lincoln,Ontario,CA,,,,westlincoln,ON,false,false,,America/Toronto
West Lorne,Ontario,CA,,,,westlorne,ON,false,false,,America/Toronto
West Vancouver,British Columbia,CA,,,,westvancouver,BC,false,false,,America/Vancouver
Westbank,British Columbia,CA,,,,westbank,BC,false,false,,America/Vancouver
Westbury,Quebec,CA,,,,westbury,QC,false,false,,America/Montreal
Western Bay,Newfoundland,CA,,,,westernbay,NL,false,false,,America/St_Johns
Westfield,New Brunswick,CA,,,,westfield,NB,false,false,,America/Moncton
Westlock,Alberta,CA,,,,westlock,AB,false,false,,America/Edmonton
Westmeath,Ontario,CA,,,,westmeath,ON,false,false,,America/Toronto
Westmount,Quebec,CA,,,,westmount,QC,false,false,,America/Montreal
Westport,Newfoundland,CA,,,,westport,NL,false,false,,America/St_Johns
Westport,Ontario,CA,,,,westport,ON,false,false,,America/Toronto
Westree,Ontario,CA,,,,westree,ON,false,false,,America/Toronto
Westville,Nova Scotia,CA,,,,westville,NS,false,false,,America/Halifax
Westwold,British Columbia,CA,,,,westwold,BC,false,false,,America/Vancouver
Wetaskiwin,Alberta,CA,,,,wetaskiwin,AB,false,false,,America/Edmonton
Weyburn,Saskatchewan,CA,,,,weyburn,SK,false,false,,America/Regina
Weymouth,Nova Scotia,CA,,,,weymouth,NS,false,false,,America/Halifax
Whale Cove,Nunavut,CA,,,,whalecove,NU,false,false,,America/Iqaluit
Wheatley,Ontario,CA,,,,wheatley,ON,false,false,,America/Toronto
Whistler,British Columbia,CA,,,,whistler,BC,false,false,,America/Vancouver
Whitbourne,Newfoundland,CA,,,,whitbourne,NL,false,false,,America/St_Johns
Whitby,Ontario,CA,,,,whitby,ON,false,false,,America/Toronto
Whitchurch-Stouffville,Ontario,CA,,,,whitchurchstouffville,ON,false,false,,America/Toronto
White Fox,Saskatchewan,CA,,,,whitefox,SK,false,false,,America/Regina
White River,Ontario,CA,,,,whiteriver,ON,false,false,,America/Toronto
White Rock,British Columbia,CA,,,,whiterock,BC,false,false,,America/Vancouver
Whitecourt,Alberta,CA,,,,whitecourt,AB,false,false,,America/Edmonton
Whitefish,Ontario,CA,,,,whitefish,ON,false,false,,America/Toronto
Whitefish Falls,Ontario,CA,,,,whitefishfalls,ON,false,false,,America/Toronto
Whitefish River First Nation,Ontario,CA,,,,whitefishriverfirstnation,ON,false,false,,America/Toronto
Whitehorse,Yukon,CA,,,,whitehorse,YT,true,false,,America/Whitehorse
Whitelaw,Alberta,CA,,,,whitelaw,AB,false,false,,America/Edmonton
Whitemouth,Manitoba,CA,,,,whitemouth,MB,false,false,,America/Winnipeg
Whitewood,Saskatchewan,CA,,,,whitewood,SK,false,false,,America/Regina
Whitney,Ontario,CA,,,,whitney,ON,false,false,,America/Toronto
Whycocomagh,Nova Scotia,CA,,,,whycocomagh,NS,false,false,,America/Halifax
Wiarton,Ontario,CA,,,,wiarton,ON,false,false,,America/Toronto
Wickham,Quebec,CA,,,,wickham,QC,false,false,,America/Montreal
Widewater,Alberta,CA,,,,widewater,AB,false,false,,America/Edmonton
Wikwemikong,Ontario,CA,,,,wikwemikong,ON,false,false,,America/Toronto
Wilberforce,Ontario,CA,,,,wilberforce,ON,false,false,,America/Toronto
Wilcox,Saskatchewan,CA,,,,wilcox,SK,false,false,,America/Regina
Wildwood,Alberta,CA,,,,wildwood,AB,false,false,,America/Edmonton
Wilkie,Saskatchewan,CA,,,,wilkie,SK,false,false,,America/Regina
Williams Lake,British Columbia,CA,,,,williamslake,BC,false,false,,America/Vancouver
Williamsburg,Ontario,CA,,,,williamsburg,ON,false,false,,America/Toronto
Willingdon,Alberta,CA,,,,willingdon,AB,false,false,,America/Edmonton
Willow Bunch,Saskatchewan,CA,,,,willowbunch,SK,false,false,,America/Regina
Willowbrook,British Columbia,CA,,,,willowbrook,BC,false,false,,America/Vancouver
Winchester,Ontario,CA,,,,winchester,ON,false,false,,America/Toronto
Windermere,Ontario,CA,,,,windermere,ON,false,false,,America/Toronto
Windsor,Nova Scotia,CA,,,,windsor,NS,false,true,,America/Halifax
Windsor,Ontario,CA,,,,windsor,ON,false,true,,America/Toronto
Windsor,Quebec,CA,,,,windsor,QC,false,true,,America/Montreal
Windthorst,Saskatchewan,CA,,,,windthorst,SK,false,false,,America/Regina
Winfield,Alberta,CA,,,,winfield,AB,false,false,,America/Edmonton
Winfield,British Columbia,CA,,,,winfield,BC,false,false,,America/Vancouver
Wingham,Ontario,CA,,,,wingham,ON,false,false,,America/Toronto
Winkler,Manitoba,CA,,,,winkler,MB,false,false,,America/Winnipeg
Winnipeg,Manitoba,CA,,,,winnipeg,MB,true,true,,America/Winnipeg
Winnipeg Beach,Manitoba,CA,,,,winnipegbeach,MB,false,false,,America/Winnipeg
Winnipegosis,Manitoba,CA,,,,winnipegosis,MB,false,false,,America/Winnipeg
Winona,Ontario,CA,,,,winona,ON,false,false,,America/Toronto
Winter Harbour,British Columbia,CA,,,,winterharbour,BC,false,false,,America/Vancouver
Winterton,Newfoundland,CA,,,,winterton,NL,false,false,,America/St_Johns
Wiseton,Saskatchewan,CA,,,,wiseton,SK,false,false,,America/Regina
Wishart,Saskatchewan,CA,,,,wishart,SK,false,false,,America/Regina
Witless Bay,Newfoundland,CA,,,,witlessbay,NL,false,false,,America/St_Johns
Woburn,Quebec,CA,,,,woburn,QC,false,false,,America/Montreal
Woking,Alberta,CA,,,,woking,AB,false,false,,America/Edmonton
Wolfville,Nova Scotia,CA,,,,wolfville,NS,false,false,,America/Halifax
Wollaston Lake,Saskatchewan,CA,,,,wollastonlake,SK,false,false,,America/Regina
Wolseley,Saskatchewan,CA,,,,wolseley,SK,false,false,,America/Regina
Wonowon,British Columbia,CA,,,,wonowon,BC,false,false,,America/Vancouver
Wood Mountain,Saskatchewan,CA,,,,woodmountain,SK,false,false,,America/Regina
Woodbridge,Ontario,CA,,,,woodbridge,ON,false,false,,America/Toronto
Woodridge,Manitoba,CA,,,,woodridge,MB,false,false,,America/Winnipeg
Woodstock,New Brunswick,CA,,,,woodstock,NB,false,false,,America/Moncton
Woodstock,Ontario,CA,,,,woodstock,ON,false,false,,America/Toronto
Woodville,Ontario,CA,,,,woodville,ON,false,false,,America/Toronto
Woody Point,Newfoundland,CA,,,,woodypoint,NL,false,false,,America/St_Johns
Wooler,Ontario,CA,,,,wooler,ON,false,false,,America/Toronto
Worsley,Alberta,CA,,,,worsley,AB,false,false,,America/Edmonton
Wotton,Quebec,CA,,,,wotton,QC,false,false,,America/Montreal
Wrentham,Alberta,CA,,,,wrentham,AB,false,false,,America/Edmonton
Wrigley,Northwest Territories,CA,,,,wrigley,NT,false,false,,America/Yellowknife
Wunnummin Lake,Ontario,CA,,,,wunnumminlake,ON,false,false,,America/Toronto
Wynndel,British Columbia,CA,,,,wynndel,BC,false,false,,America/Vancouver
Wynyard,Saskatchewan,CA,,,,wynyard,SK,false,false,,America/Regina
Wyoming,Ontario,CA,,,,wyoming,ON,false,false,,America/Toronto
Yahk,British Columbia,CA,,,,yahk,BC,false,false,,America/Vancouver
Yale,British Columbia,CA,,,,yale,BC,false,false,,America/Vancouver
Yamachiche,Quebec,CA,,,,yamachiche,QC,false,false,,America/Montreal
Yamaska,Quebec,CA,,,,yamaska,QC,false,false,,America/Montreal
Yamaska-Est,Quebec,CA,,,,yamaskaest,QC,false,false,,America/Montreal
Yarker,Ontario,CA,,,,yarker,ON,false,false,,America/Toronto
Yarmouth,Nova Scotia,CA,,,,yarmouth,NS,false,false,,America/Halifax
Yellow Creek,Saskatchewan,CA,,,,yellowcreek,SK,false,false,,America/Regina
Yellow Grass,Saskatchewan,CA,,,,yellowgrass,SK,false,false,,America/Regina
Yellowknife,Northwest Territories,CA,,,,yellowknife,NT,true,false,,America/Yellowknife
York,Ontario,CA,,,,york,ON,false,false,,America/Toronto
Yorkton,Saskatchewan,CA,,,,yorkton,SK,false,false,,America/Regina
Youbou,British Columbia,CA,,,,youbou,BC,false,false,,America/Vancouver
Young,Saskatchewan,CA,,,,young,SK,false,false,,America/Regina
Youngstown,Alberta,CA,,,,youngstown,AB,false,false,,America/Edmonton
Young`s Cove Road,New Brunswick,CA,,,,youngscoveroad,NB,false,false,,America/Moncton
Zealandia,Saskatchewan,CA,,,,zealandia,SK,false,false,,America/Regina
Zeballos,British Columbia,CA,,,,zeballos,BC,false,false,,America/Vancouver
Zenon Park,Saskatchewan,CA,,,,zenonpark,SK,false,false,,America/Regina
Zurich,Ontario,CA,,,,zurich,ON,false,false,,America/Toronto